,Jornada,Dia,Data,Horário,home,xG_home,xG_away,away,Assistance,Local,Árbitro,Relatório da Partida,goals_home,goals_away,formacao_home,formacao_away,Faltas_home,Faltas_away,Escanteios_home,Escanteios_away,Cruzamentos_home,Cruzamentos_away,Contatos_home,Contatos_away,Bote defensivo_home,Bote defensivo_away,Cortes_home,Cortes_away,Defesas_home,Defesas_away,Impedimentos_home,Impedimentos_away,Tiro de meta_home,Tiro de meta_away,Bolas longas_home,Bolas longas_away,yellow_card_home,red_card_home,yellow_red_card_home,yellow_card_away,red_card_away,yellow_red_card_away,jogador1_home,jogador2_home,jogador3_home,jogador4_home,jogador5_home,jogador6_home,jogador7_home,jogador8_home,jogador9_home,jogador10_home,jogador11_home,jogador12_home,jogador13_home,jogador14_home,jogador15_home,jogador16_home,jogador17_home,jogador1_away,jogador2_away,jogador3_away,jogador4_away,jogador5_away,jogador6_away,jogador7_away,jogador8_away,jogador9_away,jogador10_away,jogador11_away,jogador12_away,jogador13_away,jogador14_away,jogador15_away,jogador16_away,jogador17_away
0,1,sex,2018-08-10,20:30,Benfica,1.9,1.0,Vitória,55219,Estádio do Sport Lisboa e Benfica,João Pinheiro,/pt/partidas/ccb3880d/Benfica-Vitoria-Guimaraes-2018Agosto10-Primeira-Liga,3,2,4-3-3,4-2-3-1,16.0,25.0,5.0,2.0,10.0,10.0,717.0,434.0,18.0,15.0,8.0,14.0,14.0,18.0,3.0,3.0,6.0,5.0,83.0,70.0,0.0,0.0,0.0,4.0,0.0,0.0,Odisseas Vlachodimos,Álex Grimaldo,Ljubomir Fejsa,Rúben Dias,Franco Cervi,Eduardo Salvio,Facundo Ferreyra,Pizzi,Jardel,André Almeida,Gedson Fernandes,Mile Svilar,Germán Conti,Haris Seferović,Alfa Semedo,Andrija Živković,Andreas Samaris,Douglas,Rafa Soares,João Afonso,João Carlos Teixeira,André André,Tyler Boyd,Yordan Osorio,Alhassan Wakaso,Ola John,Junior Tallo,Dodô,João Miguel Macedo Silva,Alexandre Guedes,Tozé,Florent Hanin,Joseph Amoah,Davidson da Luz Pereira
1,1,sáb,2018-08-11,16:30,Vitória Setúbal,1.8,0.3,Aves,5182,Estádio do Bonfim,Hélder Malheiro,/pt/partidas/cedf97d7/Vitoria-Setubal-Aves-2018Agosto11-Primeira-Liga,2,0,4-1-4-1,4-3-3,16.0,16.0,9.0,3.0,36.0,14.0,554.0,438.0,9.0,13.0,14.0,17.0,11.0,29.0,5.0,0.0,9.0,10.0,94.0,84.0,2.0,0.0,0.0,3.0,1.0,1.0,Cristiano Pereira Figueiredo,Mano,Costinha,Vasco Fernandes,Rúben Micael,Nuno Pinto,Nuno Reis,Frédéric Mendy,José Semedo,Zequinha,Jhonder Cádiz,Joel Castro Pereira,Alex,Éber Bessa,Pedro Manuel Mota Pinto,André Martins Sousa,André Pedrosa,Quentin Beunardeau,Rodrigo Alves Soares,Bruno Manuel Araújo Braga,Nildo Petrolina,Nélson Lenho,Amilton,Claudio Falcão,Vítor Gomes,Derley,Diego Galo,Jorge Fellipe,Marco Pinto,Rodrigo Defendi,Rúben Alexandre Gomes Oliveira,Michel,Luis Fariña,Carlos Ponck
2,1,sáb,2018-08-11,19:00,Tondela,1.3,0.5,B-SAD,2010,Estádio João Cardoso,Luís Godinho,/pt/partidas/ef13f774/Tondela-Belenenses-SAD-2018Agosto11-Primeira-Liga,0,1,4-4-2,4-3-3,14.0,13.0,10.0,4.0,35.0,13.0,491.0,570.0,15.0,15.0,9.0,23.0,18.0,46.0,0.0,0.0,4.0,12.0,100.0,95.0,2.0,0.0,1.0,2.0,0.0,0.0,Cláudio Ramos,Hélder Tavares,Miguel Filipe Nunes Cardoso,Juan Delgado,Tomané,Ricardo Costa,David Bruno,Joãozinho,Bruno Monteiro,Jorge Filipe Oliveira Fernandes,Cristian Arango,Pedro José Moreira Silva,António Xavier,Pité,Jhon Murillo,Sergio Peña,João Reis,Muriel Becker,Vincent Sasso,Diogo Viana,Matija Ljujić,Fredy,Zakarya Bergdich,Gonçalo Silva,Jonatan Lucca,Alhassane Keita,Nuno Miguel Prata Coelho,Reinildo Mandava,Mika,Licá,Dálcio,Pierre Sagna,Henrique Almeida,Nuno Tomás
3,1,sáb,2018-08-11,21:00,Porto,4.5,0.1,Chaves,46509,Estádio Do Dragão,Nuno Almeida,/pt/partidas/daaffbed/Porto-Chaves-2018Agosto11-Primeira-Liga,5,0,4-4-2,4-3-3,11.0,12.0,7.0,0.0,21.0,6.0,737.0,386.0,19.0,23.0,22.0,14.0,8.0,31.0,4.0,0.0,2.0,14.0,65.0,48.0,0.0,0.0,0.0,2.0,1.0,0.0,Iker Casillas,Maxi Pereira,Diogo Leite,Yacine Brahimi,Vincent Aboubakar,Alex Telles,Héctor Herrera,André Pereira,Otávio,Sérgio Oliveira,Felipe,Vaná,Chidozie Awaziem,Hernâni Fortes,Óliver Torres,Marius Mouandilmadji,Jesús Corona,Ricardo Jorge Novo Nunes,Filipe Melo,Avtandil Ebralidze,Stephen Eustáquio,Gevorg Ghazaryan,William,Luís Martins,Nikola Maraš,Marcão,Bruno Gallo,Filipe Brigues,António Filipe de Carvalho,Nuno André Coelho,Jefferson de Jesus Santos,João Teixeira,Djavan da Silva Ferreira,Niltinho
4,1,dom,2018-08-12,16:00,Marítimo,2.2,0.8,Santa Clara,5893,Estádio dos Barreiros,Anzhony Rodrigues,/pt/partidas/af740880/Maritimo-Santa-Clara-2018Agosto12-Primeira-Liga,1,0,4-3-3,4-4-2,14.0,9.0,8.0,2.0,35.0,20.0,528.0,470.0,9.0,4.0,15.0,13.0,13.0,25.0,5.0,1.0,10.0,10.0,118.0,68.0,0.0,0.0,0.0,3.0,0.0,0.0,Amir Abedzadeh,Bebeto,Zainadine Júnior,Lucas Áfrico,Jorge Correa,Danny,Edgar Costa,Rúben Rafael Sousa Ferreira,Fabrício Baiano,Ricardo Jorge Oliveira Valente,Diederrick Joel,Charles,Marcão,Rodrigo Pinho,Jean Cléber,Leandro Barrera,Aloísio Souza Genézio,Marco André Rocha Pereira,Fábio Cardoso,Danildo Accioly,Osama Rashid,Pedro Pacheco,Denis Pineda,Thiago Santana,João Paulo Lázaro Lucas,Bruno Lamas,Zé Manuel,Patrick,João Lopes,Rui Pedro Oliveira Silva,Diogo Santos,Minhoca,Kaio Pantaleão,Alfredo Stephens
5,1,dom,2018-08-12,16:00,Feirense,1.2,0.4,Rio Ave,2646,Estádio Marcolino de Castro,António Nobre,/pt/partidas/b8905632/Feirense-Rio-Ave-2018Agosto12-Primeira-Liga,2,0,4-3-3,4-2-3-1,16.0,8.0,3.0,4.0,11.0,19.0,421.0,582.0,18.0,23.0,32.0,13.0,32.0,12.0,1.0,0.0,,,64.0,91.0,1.0,0.0,0.0,2.0,0.0,0.0,Caio Secco,Antonio Briseño,Babanco,Luís Machado,Tiago Silva,Edson Rodrigues Farias,Bruno Nascimento,Edinho,Rafael Crivellaro,Fábio Sturgeon,Vítor Bruno,Bruno Brigido,Diogo Miguel Guedes Almeida,Cris,João Silva,José Adolfo Valencia,Zé Pedro,Leonardo César Jardim,Jonathan Buatu Mananga,Toni Borevkovic,Ricardo José Vaz Alves Monteiro,João Schmidt,Leandrinho,Eliseu Cassamá,Afonso Figueiredo,Gabriel Airton de Souza,Gelson,Galeno,Carlos Alves,Miguel Fernando Pereira Rodrigues,Bruno Moreira,Junio,Nikola Jambor,Joca
6,1,dom,2018-08-12,18:30,Moreirense,0.7,2.6,Sporting CP,4886,P.D. Comendador Joaquim de Almeida Freit...,Tiago Martins,/pt/partidas/79c6a71c/Moreirense-Sporting-CP-2018Agosto12-Primeira-Liga,1,3,4-4-2,4-2-3-1,21.0,16.0,6.0,4.0,20.0,19.0,568.0,444.0,16.0,22.0,14.0,13.0,29.0,29.0,2.0,3.0,4.0,7.0,75.0,85.0,5.0,0.0,0.0,5.0,0.0,0.0,Jhonatan,João Aurélio,Mohamed Abarhoun,Iago Santos,Rúben Lima,Bilel Aouacheria,Chiquinho,Pedro Nuno,Mamadou Loum,Heriberto Tavares,Neto,Pedro Trigueira,Fábio Pacheco,Alan Eduardo Schons,Nenê,Bruno Silva,Arsénio Martins Lafuente Nunes,Romain Salin,Sebastián Coates,Jefferson Nascimento,Bruno Fernandes,Marcos Acuña,Stefan Ristovski,Rodrigo Battaglia,Nani,Jérémy Mathieu,Radosav Petrović,Bas Dost,Luís Maximiano,André Almeida Pinto,Fredy Montero,Raphinha,Josip Mišić,Bruno Gaspar
7,1,dom,2018-08-12,20:30,Braga,2.3,1.3,Nacional,12387,Estádio Municipal de Braga,Carlos Xistra,/pt/partidas/3a72d467/Braga-Nacional-2018Agosto12-Primeira-Liga,4,2,4-4-2,4-4-2,13.0,14.0,4.0,2.0,18.0,11.0,535.0,503.0,20.0,11.0,23.0,16.0,15.0,20.0,3.0,2.0,8.0,16.0,81.0,90.0,1.0,0.0,0.0,3.0,0.0,0.0,Matheus,Diogo Figueiras,Nuno Sequeira,Eduardo Teixeira,Ricardo Horta,Claudemir de Souza,Fransérgio,Raul Silva,Bruno Viana,Ricardo Esgaio,Dyego Sousa,Tiago Sá,Wilson Eduardo,Ricardo,Xadas,Pablo Santos,João Novais,Daniel Guimarães,Nuno Vieira Campos,Arthur,Diogo Alexis Rodrigues Coelho,Mauro Cerqueira,Abdullahi Ibrahim Alhassan,João Tiago Serrão Garcês,João Pedro Gomes Camacho,Witi,Bryan Róchez,Vítor Gonçalves,Ohoulo Framelin,Diego Barcelos,Kenji Gorré,Brayan Riascos,Sérgio Marakis,Kalindi Alves de Souza
8,1,seg,2018-08-13,20:15,Portimonense,1.3,0.8,Boavista,3990,Estádio do Portimonense SC,João Santos Capela,/pt/partidas/19cb4ad4/Portimonense-Boavista-2018Agosto13-Primeira-Liga,0,2,5-4-1,4-2-3-1,19.0,27.0,10.0,4.0,26.0,19.0,516.0,463.0,9.0,24.0,13.0,16.0,19.0,45.0,1.0,0.0,9.0,7.0,101.0,72.0,0.0,0.0,0.0,4.0,0.0,0.0,Ricardo Abel Barbosa Ferreira,Lucas Possignolo,Emmanuel Hackman,Dener,Shoya Nakajima,Bruno Tabata,Felipe Macedo,Wilson Manafá,Pedro Sá,Rúben Fernandes,Wellington,Leonardo Navacchio,Theo Ryuki,Jean Felipe,Taofiq Jibril,Ewerton,,Helton Leite,Raphael,Talocha,Rochinha,David Simão,Mateus Galiano da Costa,Fábio Espinho,Carraça,Neris,Federico Falcone,Idrissa Mandiang,Rafael Bracalli,André Claro,Edu Machado,Stéphane Sparagna,Rafael Costa,Rafael Lopes
9,2,sex,2018-08-17,20:30,Aves,2.4,0.9,Tondela,1872,Estádio Clube Desportivo das Aves,Artur Soares Dias,/pt/partidas/edc8a385/Aves-Tondela-2018Agosto17-Primeira-Liga,2,2,4-2-3-1,4-4-2,14.0,14.0,5.0,9.0,24.0,19.0,507.0,449.0,14.0,11.0,13.0,14.0,31.0,22.0,2.0,0.0,16.0,11.0,85.0,97.0,3.0,0.0,0.0,3.0,0.0,0.0,Quentin Beunardeau,Rodrigo Alves Soares,Rodrigo Defendi,Bruno Manuel Araújo Braga,Nildo Petrolina,Nélson Lenho,Amilton,Carlos Ponck,Vítor Gomes,Derley,Issam El Adoua,Marco Pinto,Vitor Costa,Rúben Alexandre Gomes Oliveira,Michel,Hamdou Elhouni,Diego Galo,Cláudio Ramos,Hélder Tavares,Miguel Filipe Nunes Cardoso,Juan Delgado,Sergio Peña,Fahd Moufi,Tomané,Joãozinho,Bruno Monteiro,Jorge Filipe Oliveira Fernandes,Cristian Arango,Pedro José Moreira Silva,Azongha Tembeng Abenego,António Xavier,Jhon Murillo,João Reis,João Mendes
10,2,sáb,2018-08-18,16:30,Chaves,1.3,0.3,Portimonense,5240,Estádio Municipal Eng. Manuel Branco Tei...,André Narciso,/pt/partidas/b36965d5/Chaves-Portimonense-2018Agosto18-Primeira-Liga,2,0,4-3-3,4-3-3,16.0,21.0,2.0,11.0,18.0,29.0,476.0,589.0,16.0,18.0,15.0,6.0,43.0,15.0,0.0,2.0,7.0,5.0,63.0,70.0,3.0,0.0,0.0,4.0,0.0,0.0,Ricardo Jorge Novo Nunes,Paulo Sérgio Mota,Avtandil Ebralidze,Stephen Eustáquio,Jeferson Fernandes Macedo,William,Renan Bardini Bressan,Nikola Maraš,Marcão,Bruno Gallo,Djavan da Silva Ferreira,António Filipe de Carvalho,Nuno André Coelho,Filipe Melo,Gevorg Ghazaryan,Luís Martins,Niltinho,Ricardo Abel Barbosa Ferreira,Lucas Possignolo,Emmanuel Hackman,Dener,Shoya Nakajima,Bruno Tabata,Ewerton,Wilson Manafá,Pedro Sá,Rúben Fernandes,Wellington,Leonardo Navacchio,Theo Ryuki,Jean Felipe,Felipe Macedo,Taofiq Jibril,Guilherme Lazaroni
11,2,sáb,2018-08-18,19:00,Boavista,0.4,1.3,Benfica,15189,Estádio do Bessa Século XXI,Manuel Mota,/pt/partidas/5db1b77e/Boavista-Benfica-2018Agosto18-Primeira-Liga,0,2,4-2-3-1,4-3-3,12.0,21.0,2.0,9.0,11.0,20.0,445.0,616.0,22.0,16.0,20.0,7.0,23.0,11.0,1.0,0.0,9.0,4.0,72.0,85.0,4.0,0.0,0.0,1.0,0.0,0.0,Helton Leite,Raphael,Talocha,Rochinha,David Simão,Mateus Galiano da Costa,Fábio Espinho,Carraça,Neris,Federico Falcone,Idrissa Mandiang,Rafael Bracalli,André Claro,Edu Machado,Stéphane Sparagna,Rafael Costa,Rafael Lopes,Odisseas Vlachodimos,Álex Grimaldo,Ljubomir Fejsa,Rúben Dias,Franco Cervi,Eduardo Salvio,Facundo Ferreyra,Pizzi,Jardel,André Almeida,Gedson Fernandes,Mile Svilar,Germán Conti,Haris Seferović,Alfa Semedo,Andrija Živković,Rafa Silva
12,2,sáb,2018-08-18,21:00,Sporting CP,1.3,0.9,Vitória Setúbal,40611,Estádio José Alvalade,Manuel Oliveira,/pt/partidas/fe37204b/Sporting-CP-Vitoria-Setubal-2018Agosto18-Primeira-Liga,2,1,4-4-1-1,4-1-4-1,20.0,29.0,7.0,3.0,16.0,10.0,564.0,436.0,19.0,18.0,16.0,11.0,13.0,28.0,0.0,1.0,3.0,11.0,77.0,82.0,2.0,0.0,0.0,5.0,0.0,0.0,Romain Salin,Sebastián Coates,Jefferson Nascimento,Bruno Fernandes,Marcos Acuña,Stefan Ristovski,Rodrigo Battaglia,Nani,Jérémy Mathieu,Josip Mišić,Bas Dost,Renan Ribeiro,André Almeida Pinto,Fredy Montero,Raphinha,Radosav Petrović,Wendel,Cristiano Pereira Figueiredo,Mano,Costinha,Vasco Fernandes,Rúben Micael,Nuno Pinto,Nuno Reis,Frédéric Mendy,José Semedo,Zequinha,Jhonder Cádiz,Joel Castro Pereira,Alex,Éber Bessa,André Martins Sousa,Hildeberto Pereira,Baba Fernandes
13,2,dom,2018-08-19,16:00,Rio Ave,2.2,1.8,Marítimo,12234,Estádio do Rio Ave Futebol Clube,Vitor Ferreira Fernandes,/pt/partidas/8e932f27/Rio-Ave-Maritimo-2018Agosto19-Primeira-Liga,3,1,4-2-3-1,4-3-3,11.0,22.0,4.0,3.0,13.0,20.0,478.0,504.0,12.0,18.0,6.0,6.0,17.0,10.0,1.0,0.0,,,60.0,91.0,1.0,0.0,0.0,3.0,0.0,0.0,Leonardo César Jardim,Jonathan Buatu Mananga,Toni Borevkovic,Ricardo José Vaz Alves Monteiro,Bruno Moreira,Leandrinho,Eliseu Cassamá,Afonso Figueiredo,Gabriel Airton de Souza,Gelson,Galeno,Carlos Alves,Matheus Reis,Miguel Fernando Pereira Rodrigues,João Schmidt,Nikola Jambor,Schutte,Amir Abedzadeh,Bebeto,Zainadine Júnior,Lucas Áfrico,Jorge Correa,Rodrigo Pinho,Danny,Edgar Costa,Rúben Rafael Sousa Ferreira,Fabrício Baiano,Diederrick Joel,Charles,Marcão,Everton Nascimento de Mendonça,Jean Cléber,João Gamboa,Ricardo Jorge Oliveira Valente
14,2,dom,2018-08-19,16:00,Nacional,2.7,1.9,Moreirense,2491,Estádio da Madeira,António Nobre,/pt/partidas/9a9dadee/Nacional-Moreirense-2018Agosto19-Primeira-Liga,1,2,4-4-2,4-4-2,10.0,25.0,9.0,2.0,23.0,7.0,606.0,408.0,19.0,19.0,13.0,16.0,7.0,23.0,4.0,1.0,8.0,7.0,102.0,73.0,0.0,0.0,0.0,5.0,0.0,0.0,Daniel Guimarães,Nuno Vieira Campos,Arthur,Diogo Alexis Rodrigues Coelho,Mauro Cerqueira,Abdullahi Ibrahim Alhassan,João Tiago Serrão Garcês,João Pedro Gomes Camacho,Witi,Bryan Róchez,Vítor Gonçalves,Ohoulo Framelin,Giorgi Arabidze,Kenji Gorré,Brayan Riascos,Kalindi Alves de Souza,Aleksandar Paločević,Jhonatan,João Aurélio,Mohamed Abarhoun,Rúben Lima,Bilel Aouacheria,Ivanildo Fernandes,Chiquinho,Pedro Nuno,Mamadou Loum,Heriberto Tavares,Neto,Pedro Trigueira,Iago Santos,Fábio Pacheco,Alan Eduardo Schons,Nenê,Arsénio Martins Lafuente Nunes
15,2,dom,2018-08-19,18:30,B-SAD,1.8,1.7,Porto,10901,Estádio Nacional,Carlos Xistra,/pt/partidas/bbb9aca4/Belenenses-SAD-Porto-2018Agosto19-Primeira-Liga,2,3,4-4-2,4-4-2,,,,,,,,,,,,,,,,,,,,,,,,,,,,,,,,,,,,,,,,,,,,,,,,,,,,,,,,,,,,
16,2,dom,2018-08-19,19:30,Santa Clara,1.0,0.6,Braga,3915,Estádio de São Miguel,Rui Oliveira,/pt/partidas/5cd22a81/Santa-Clara-Braga-2018Agosto19-Primeira-Liga,3,3,,,,,,,,,,,,,,,,,,,,,,,,,,,,,,,,,,,,,,,,,,,,,,,,,,,,,,,,,,,,,,
17,2,seg,2018-08-20,20:15,Vitória,0.4,0.3,Feirense,1872,Estádio Dom Afonso Henriques,Hugo Miguel,/pt/partidas/a6e82ec5/Vitoria-Guimaraes-Feirense-2018Agosto20-Primeira-Liga,0,1,,,,,,,,,,,,,,,,,,,,,,,,,,,,,,,,,,,,,,,,,,,,,,,,,,,,,,,,,,,,,,
18,3,sex,2018-08-24,20:30,Marítimo,1.0,0.4,Chaves,5398,Estádio dos Barreiros,Tiago Martins,/pt/partidas/4703e737/Maritimo-Chaves-2018Agosto24-Primeira-Liga,2,1,,,,,,,,,,,,,,,,,,,,,,,,,,,,,,,,,,,,,,,,,,,,,,,,,,,,,,,,,,,,,,
19,3,sáb,2018-08-25,16:30,Portimonense,2.2,0.5,Santa Clara,2185,Estádio do Portimonense SC,João Pinheiro,/pt/partidas/9d95a85e/Portimonense-Santa-Clara-2018Agosto25-Primeira-Liga,2,2,,,,,,,,,,,,,,,,,,,,,,,,,,,,,,,,,,,,,,,,,,,,,,,,,,,,,,,,,,,,,,
20,3,sáb,2018-08-25,19:00,Benfica,1.5,1.3,Sporting CP,60486,Estádio do Sport Lisboa e Benfica,Luís Godinho,/pt/partidas/81b591b1/Derby-de-Lisboa-Benfica-Sporting-CP-2018Agosto25-Primeira-Liga,1,1,,,,,,,,,,,,,,,,,,,,,,,,,,,,,,,,,,,,,,,,,,,,,,,,,,,,,,,,,,,,,,
21,3,sáb,2018-08-25,21:00,Porto,1.3,1.1,Vitória,47008,Estádio Do Dragão,Fábio Costa,/pt/partidas/62a5e807/Porto-Vitoria-Guimaraes-2018Agosto25-Primeira-Liga,2,3,,,,,,,,,,,,,,,,,,,,,,,,,,,,,,,,,,,,,,,,,,,,,,,,,,,,,,,,,,,,,,
22,3,dom,2018-08-26,16:00,Vitória Setúbal,0.6,2.2,Nacional,5690,Estádio do Bonfim,Cláudio Ruivo Pereira,/pt/partidas/653124e5/Vitoria-Setubal-Nacional-2018Agosto26-Primeira-Liga,1,2,,,,,,,,,,,,,,,,,,,,,,,,,,,,,,,,,,,,,,,,,,,,,,,,,,,,,,,,,,,,,,
23,3,dom,2018-08-26,16:00,Feirense,0.9,1.0,Boavista,3711,Estádio Marcolino de Castro,Rui Costa,/pt/partidas/f094b00d/Feirense-Boavista-2018Agosto26-Primeira-Liga,1,1,,,,,,,,,,,,,,,,,,,,,,,,,,,,,,,,,,,,,,,,,,,,,,,,,,,,,,,,,,,,,,
24,3,dom,2018-08-26,18:30,Tondela,0.7,1.6,Rio Ave,2045,Estádio João Cardoso,Manuel Mota,/pt/partidas/db3041e4/Tondela-Rio-Ave-2018Agosto26-Primeira-Liga,1,1,,,,,,,,,,,,,,,,,,,,,,,,,,,,,,,,,,,,,,,,,,,,,,,,,,,,,,,,,,,,,,
25,3,dom,2018-08-26,20:30,Braga,1.6,0.8,Aves,10103,Estádio Municipal de Braga,Manuel Oliveira,/pt/partidas/d856c67c/Braga-Aves-2018Agosto26-Primeira-Liga,3,1,,,,,,,,,,,,,,,,,,,,,,,,,,,,,,,,,,,,,,,,,,,,,,,,,,,,,,,,,,,,,,
26,3,seg,2018-08-27,20:15,Moreirense,1.0,1.0,B-SAD,1400,P.D. Comendador Joaquim de Almeida Freit...,Rui Oliveira,/pt/partidas/bd769be0/Moreirense-Belenenses-SAD-2018Agosto27-Primeira-Liga,1,1,,,,,,,,,,,,,,,,,,,,,,,,,,,,,,,,,,,,,,,,,,,,,,,,,,,,,,,,,,,,,,
27,4,sex,2018-08-31,19:00,Chaves,1.0,0.5,Braga,5983,Estádio Municipal Eng. Manuel Branco Tei...,Luís Godinho,/pt/partidas/0ba5f531/Chaves-Braga-2018Agosto31-Primeira-Liga,0,1,,,,,,,,,,,,,,,,,,,,,,,,,,,,,,,,,,,,,,,,,,,,,,,,,,,,,,,,,,,,,,
28,4,sex,2018-08-31,21:15,Vitória,0.8,0.3,Tondela,20128,Estádio Dom Afonso Henriques,Nuno Almeida,/pt/partidas/e3c07f96/Vitoria-Guimaraes-Tondela-2018Agosto31-Primeira-Liga,1,0,,,,,,,,,,,,,,,,,,,,,,,,,,,,,,,,,,,,,,,,,,,,,,,,,,,,,,,,,,,,,,
29,4,sáb,2018-09-01,16:30,B-SAD,0.4,0.3,Vitória Setúbal,1449,Estádio Nacional,Manuel Mota,/pt/partidas/f18eb094/Belenenses-SAD-Vitoria-Setubal-2018Setembro1-Primeira-Liga,0,0,,,,,,,,,,,,,,,,,,,,,,,,,,,,,,,,,,,,,,,,,,,,,,,,,,,,,,,,,,,,,,
30,4,sáb,2018-09-01,18:00,Santa Clara,1.5,1.1,Boavista,4448,Estádio de São Miguel,António Nobre,/pt/partidas/b30941cd/Santa-Clara-Boavista-2018Setembro1-Primeira-Liga,4,2,,,,,,,,,,,,,,,,,,,,,,,,,,,,,,,,,,,,,,,,,,,,,,,,,,,,,,,,,,,,,,
31,4,sáb,2018-09-01,21:00,Sporting CP,2.1,1.0,Feirense,38688,Estádio José Alvalade,Rui Oliveira,/pt/partidas/4c5d4ebd/Sporting-CP-Feirense-2018Setembro1-Primeira-Liga,1,0,,,,,,,,,,,,,,,,,,,,,,,,,,,,,,,,,,,,,,,,,,,,,,,,,,,,,,,,,,,,,,
32,4,dom,2018-09-02,16:00,Rio Ave,1.0,1.0,Portimonense,2539,Estádio do Rio Ave Futebol Clube,Artur Soares Dias,/pt/partidas/32b4bf73/Rio-Ave-Portimonense-2018Setembro2-Primeira-Liga,2,1,,,,,,,,,,,,,,,,,,,,,,,,,,,,,,,,,,,,,,,,,,,,,,,,,,,,,,,,,,,,,,
33,4,dom,2018-09-02,16:00,Aves,1.1,1.2,Marítimo,1272,Estádio Clube Desportivo das Aves,João Pinheiro,/pt/partidas/708f4ebc/Aves-Maritimo-2018Setembro2-Primeira-Liga,0,1,,,,,,,,,,,,,,,,,,,,,,,,,,,,,,,,,,,,,,,,,,,,,,,,,,,,,,,,,,,,,,
34,4,dom,2018-09-02,18:30,Nacional,0.3,2.3,Benfica,4793,Estádio da Madeira,Fábio Costa,/pt/partidas/e6426587/Nacional-Benfica-2018Setembro2-Primeira-Liga,0,4,,,,,,,,,,,,,,,,,,,,,,,,,,,,,,,,,,,,,,,,,,,,,,,,,,,,,,,,,,,,,,
35,4,dom,2018-09-02,20:30,Porto,2.3,0.3,Moreirense,43316,Estádio Do Dragão,Hélder Malheiro,/pt/partidas/8b00f45d/Porto-Moreirense-2018Setembro2-Primeira-Liga,3,0,,,,,,,,,,,,,,,,,,,,,,,,,,,,,,,,,,,,,,,,,,,,,,,,,,,,,,,,,,,,,,
36,5,sex,2018-09-21,20:30,Boavista,1.3,1.4,Chaves,4565,Estádio do Bessa Século XXI,João Pinheiro,/pt/partidas/92e65c20/Boavista-Chaves-2018Setembro21-Primeira-Liga,1,2,,,,,,,,,,,,,,,,,,,,,,,,,,,,,,,,,,,,,,,,,,,,,,,,,,,,,,,,,,,,,,
37,5,sáb,2018-09-22,15:30,Santa Clara,1.3,1.8,Rio Ave,3199,Estádio de São Miguel,João Santos Capela,/pt/partidas/1cf74348/Santa-Clara-Rio-Ave-2018Setembro22-Primeira-Liga,1,3,,,,,,,,,,,,,,,,,,,,,,,,,,,,,,,,,,,,,,,,,,,,,,,,,,,,,,,,,,,,,,
38,5,sáb,2018-09-22,19:00,Marítimo,0.4,1.1,B-SAD,6137,Estádio dos Barreiros,Hugo Miguel,/pt/partidas/7d06b584/Maritimo-Belenenses-SAD-2018Setembro22-Primeira-Liga,0,0,,,,,,,,,,,,,,,,,,,,,,,,,,,,,,,,,,,,,,,,,,,,,,,,,,,,,,,,,,,,,,
39,5,sáb,2018-09-22,21:00,Vitória Setúbal,0.5,0.8,Porto,10628,Estádio do Bonfim,Manuel Oliveira,/pt/partidas/e08f4838/Vitoria-Setubal-Porto-2018Setembro22-Primeira-Liga,0,2,,,,,,,,,,,,,,,,,,,,,,,,,,,,,,,,,,,,,,,,,,,,,,,,,,,,,,,,,,,,,,
40,5,dom,2018-09-23,16:00,Feirense,0.2,1.1,Nacional,3178,Estádio Marcolino de Castro,Nuno Almeida,/pt/partidas/29ac4680/Feirense-Nacional-2018Setembro23-Primeira-Liga,0,0,,,,,,,,,,,,,,,,,,,,,,,,,,,,,,,,,,,,,,,,,,,,,,,,,,,,,,,,,,,,,,
41,5,dom,2018-09-23,16:00,Tondela,1.4,1.0,Moreirense,1710,Estádio João Cardoso,Tiago Martins,/pt/partidas/c5b46189/Tondela-Moreirense-2018Setembro23-Primeira-Liga,2,0,,,,,,,,,,,,,,,,,,,,,,,,,,,,,,,,,,,,,,,,,,,,,,,,,,,,,,,,,,,,,,
42,5,dom,2018-09-23,18:30,Benfica,3.0,1.1,Aves,53606,Estádio do Sport Lisboa e Benfica,Rui Costa,/pt/partidas/75c1f83b/Benfica-Aves-2018Setembro23-Primeira-Liga,2,0,,,,,,,,,,,,,,,,,,,,,,,,,,,,,,,,,,,,,,,,,,,,,,,,,,,,,,,,,,,,,,
43,5,dom,2018-09-23,20:30,Portimonense,1.0,0.4,Vitória,3129,Estádio do Portimonense SC,Luís Godinho,/pt/partidas/64faf7f0/Portimonense-Vitoria-Guimaraes-2018Setembro23-Primeira-Liga,3,2,,,,,,,,,,,,,,,,,,,,,,,,,,,,,,,,,,,,,,,,,,,,,,,,,,,,,,,,,,,,,,
44,5,seg,2018-09-24,20:15,Braga,0.6,0.5,Sporting CP,16038,Estádio Municipal de Braga,Artur Soares Dias,/pt/partidas/a2a44cbd/Braga-Sporting-CP-2018Setembro24-Primeira-Liga,1,0,,,,,,,,,,,,,,,,,,,,,,,,,,,,,,,,,,,,,,,,,,,,,,,,,,,,,,,,,,,,,,
45,6,qui,2018-09-27,20:15,Chaves,1.4,2.0,Benfica,7783,Estádio Municipal Eng. Manuel Branco Tei...,João Santos Capela,/pt/partidas/461c58ba/Chaves-Benfica-2018Setembro27-Primeira-Liga,2,2,,,,,,,,,,,,,,,,,,,,,,,,,,,,,,,,,,,,,,,,,,,,,,,,,,,,,,,,,,,,,,
46,6,sex,2018-09-28,20:30,Porto,3.1,0.3,Tondela,40011,Estádio Do Dragão,Luís Godinho,/pt/partidas/c1c3fcc0/Porto-Tondela-2018Setembro28-Primeira-Liga,1,0,,,,,,,,,,,,,,,,,,,,,,,,,,,,,,,,,,,,,,,,,,,,,,,,,,,,,,,,,,,,,,
47,6,sáb,2018-09-29,16:30,Moreirense,1.0,0.5,Feirense,1551,P.D. Comendador Joaquim de Almeida Freit...,Artur Soares Dias,/pt/partidas/d2f73f7f/Moreirense-Feirense-2018Setembro29-Primeira-Liga,1,0,,,,,,,,,,,,,,,,,,,,,,,,,,,,,,,,,,,,,,,,,,,,,,,,,,,,,,,,,,,,,,
48,6,sáb,2018-09-29,19:00,Rio Ave,2.1,2.0,Boavista,3099,Estádio do Rio Ave Futebol Clube,Hugo Miguel,/pt/partidas/8973c028/Rio-Ave-Boavista-2018Setembro29-Primeira-Liga,2,1,,,,,,,,,,,,,,,,,,,,,,,,,,,,,,,,,,,,,,,,,,,,,,,,,,,,,,,,,,,,,,
49,6,sáb,2018-09-29,21:00,Sporting CP,1.7,0.2,Marítimo,35238,Estádio José Alvalade,Nuno Almeida,/pt/partidas/f33afb95/Sporting-CP-Maritimo-2018Setembro29-Primeira-Liga,2,0,,,,,,,,,,,,,,,,,,,,,,,,,,,,,,,,,,,,,,,,,,,,,,,,,,,,,,,,,,,,,,
50,6,dom,2018-09-30,16:00,Nacional,1.1,1.1,Santa Clara,2427,Estádio da Madeira,Manuel Mota,/pt/partidas/fe70d783/Nacional-Santa-Clara-2018Setembro30-Primeira-Liga,0,3,,,,,,,,,,,,,,,,,,,,,,,,,,,,,,,,,,,,,,,,,,,,,,,,,,,,,,,,,,,,,,
51,6,dom,2018-09-30,18:30,Vitória,0.8,0.6,Vitória Setúbal,17920,Estádio Dom Afonso Henriques,António Nobre,/pt/partidas/6d8ca746/Vitoria-Guimaraes-Vitoria-Setubal-2018Setembro30-Primeira-Liga,1,1,,,,,,,,,,,,,,,,,,,,,,,,,,,,,,,,,,,,,,,,,,,,,,,,,,,,,,,,,,,,,,
52,6,dom,2018-09-30,20:30,B-SAD,1.3,3.7,Braga,2237,Estádio Nacional,Fábio Costa,/pt/partidas/52cd11a5/Belenenses-SAD-Braga-2018Setembro30-Primeira-Liga,0,3,,,,,,,,,,,,,,,,,,,,,,,,,,,,,,,,,,,,,,,,,,,,,,,,,,,,,,,,,,,,,,
53,6,seg,2018-10-01,20:15,Aves,1.4,1.4,Portimonense,1911,Estádio Clube Desportivo das Aves,João Pinto,/pt/partidas/ee033c51/Aves-Portimonense-2018Outubro1-Primeira-Liga,3,0,,,,,,,,,,,,,,,,,,,,,,,,,,,,,,,,,,,,,,,,,,,,,,,,,,,,,,,,,,,,,,
54,7,sex,2018-10-05,15:30,Tondela,1.8,1.1,Nacional,1549,Estádio João Cardoso,André Narciso,/pt/partidas/5bfa78b4/Tondela-Nacional-2018Outubro5-Primeira-Liga,1,1,,,,,,,,,,,,,,,,,,,,,,,,,,,,,,,,,,,,,,,,,,,,,,,,,,,,,,,,,,,,,,
55,7,sex,2018-10-05,17:00,Santa Clara,1.2,0.3,Chaves,3431,Estádio de São Miguel,Cláudio Ruivo Pereira,/pt/partidas/23f574ab/Santa-Clara-Chaves-2018Outubro5-Primeira-Liga,1,0,,,,,,,,,,,,,,,,,,,,,,,,,,,,,,,,,,,,,,,,,,,,,,,,,,,,,,,,,,,,,,
56,7,sex,2018-10-05,20:30,Feirense,0.9,0.4,B-SAD,3469,Estádio Marcolino de Castro,João Pinheiro,/pt/partidas/9be958ee/Feirense-Belenenses-SAD-2018Outubro5-Primeira-Liga,0,0,,,,,,,,,,,,,,,,,,,,,,,,,,,,,,,,,,,,,,,,,,,,,,,,,,,,,,,,,,,,,,
57,7,sáb,2018-10-06,15:30,Vitória Setúbal,2.6,0.5,Moreirense,2914,Estádio do Bonfim,Luís Godinho,/pt/partidas/49e3d789/Vitoria-Setubal-Moreirense-2018Outubro6-Primeira-Liga,3,0,,,,,,,,,,,,,,,,,,,,,,,,,,,,,,,,,,,,,,,,,,,,,,,,,,,,,,,,,,,,,,
58,7,sáb,2018-10-06,18:00,Marítimo,1.4,2.0,Vitória,5674,Estádio dos Barreiros,Manuel Oliveira,/pt/partidas/c04544be/Maritimo-Vitoria-Guimaraes-2018Outubro6-Primeira-Liga,1,3,,,,,,,,,,,,,,,,,,,,,,,,,,,,,,,,,,,,,,,,,,,,,,,,,,,,,,,,,,,,,,
59,7,sáb,2018-10-06,20:30,Braga,1.2,0.7,Rio Ave,12645,Estádio Municipal de Braga,Tiago Martins,/pt/partidas/7b107884/Braga-Rio-Ave-2018Outubro6-Primeira-Liga,1,1,,,,,,,,,,,,,,,,,,,,,,,,,,,,,,,,,,,,,,,,,,,,,,,,,,,,,,,,,,,,,,
60,7,dom,2018-10-07,15:00,Boavista,1.5,1.1,Aves,4331,Estádio do Bessa Século XXI,Vitor Ferreira Fernandes,/pt/partidas/27d70f72/Boavista-Aves-2018Outubro7-Primeira-Liga,1,0,,,,,,,,,,,,,,,,,,,,,,,,,,,,,,,,,,,,,,,,,,,,,,,,,,,,,,,,,,,,,,
61,7,dom,2018-10-07,17:30,Benfica,0.8,0.6,Porto,61567,Estádio do Sport Lisboa e Benfica,Fábio Costa,/pt/partidas/c1987bef/Benfica-Porto-2018Outubro7-Primeira-Liga,1,0,,,,,,,,,,,,,,,,,,,,,,,,,,,,,,,,,,,,,,,,,,,,,,,,,,,,,,,,,,,,,,
62,7,dom,2018-10-07,20:00,Portimonense,1.7,2.4,Sporting CP,5685,Estádio do Portimonense SC,Hugo Miguel,/pt/partidas/6d1071b2/Portimonense-Sporting-CP-2018Outubro7-Primeira-Liga,4,2,,,,,,,,,,,,,,,,,,,,,,,,,,,,,,,,,,,,,,,,,,,,,,,,,,,,,,,,,,,,,,
63,8,sex,2018-10-26,19:00,Nacional,0.4,0.7,Portimonense,1458,Estádio da Madeira,Manuel Oliveira,/pt/partidas/256afda0/Nacional-Portimonense-2018Outubro26-Primeira-Liga,0,1,,,,,,,,,,,,,,,,,,,,,,,,,,,,,,,,,,,,,,,,,,,,,,,,,,,,,,,,,,,,,,
64,8,sex,2018-10-26,21:15,Vitória,0.8,1.1,Braga,26170,Estádio Dom Afonso Henriques,Hugo Miguel,/pt/partidas/7c71a320/Vitoria-Guimaraes-Braga-2018Outubro26-Primeira-Liga,1,1,,,,,,,,,,,,,,,,,,,,,,,,,,,,,,,,,,,,,,,,,,,,,,,,,,,,,,,,,,,,,,
65,8,sáb,2018-10-27,15:30,Aves,1.2,0.9,Santa Clara,1806,Estádio Clube Desportivo das Aves,Fábio Costa,/pt/partidas/501b8146/Aves-Santa-Clara-2018Outubro27-Primeira-Liga,1,2,,,,,,,,,,,,,,,,,,,,,,,,,,,,,,,,,,,,,,,,,,,,,,,,,,,,,,,,,,,,,,
66,8,sáb,2018-10-27,18:00,Rio Ave,0.9,0.8,Chaves,2894,Estádio do Rio Ave Futebol Clube,Hélder Malheiro,/pt/partidas/3a81e986/Rio-Ave-Chaves-2018Outubro27-Primeira-Liga,1,0,,,,,,,,,,,,,,,,,,,,,,,,,,,,,,,,,,,,,,,,,,,,,,,,,,,,,,,,,,,,,,
67,8,sáb,2018-10-27,20:30,B-SAD,1.8,3.3,Benfica,10635,Estádio Nacional,Artur Soares Dias,/pt/partidas/b828f944/Belenenses-SAD-Benfica-2018Outubro27-Primeira-Liga,2,0,,,,,,,,,,,,,,,,,,,,,,,,,,,,,,,,,,,,,,,,,,,,,,,,,,,,,,,,,,,,,,
68,8,dom,2018-10-28,15:00,Moreirense,1.5,1.7,Marítimo,1627,P.D. Comendador Joaquim de Almeida Freit...,João Santos Capela,/pt/partidas/27fb73e4/Moreirense-Maritimo-2018Outubro28-Primeira-Liga,1,0,,,,,,,,,,,,,,,,,,,,,,,,,,,,,,,,,,,,,,,,,,,,,,,,,,,,,,,,,,,,,,
69,8,dom,2018-10-28,15:00,Tondela,0.6,0.5,Vitória Setúbal,1393,Estádio João Cardoso,João Pinto,/pt/partidas/7db819f4/Tondela-Vitoria-Setubal-2018Outubro28-Primeira-Liga,1,2,,,,,,,,,,,,,,,,,,,,,,,,,,,,,,,,,,,,,,,,,,,,,,,,,,,,,,,,,,,,,,
70,8,dom,2018-10-28,17:30,Porto,3.0,0.3,Feirense,46028,Estádio Do Dragão,Rui Oliveira,/pt/partidas/7f2d868c/Porto-Feirense-2018Outubro28-Primeira-Liga,2,0,,,,,,,,,,,,,,,,,,,,,,,,,,,,,,,,,,,,,,,,,,,,,,,,,,,,,,,,,,,,,,
71,8,dom,2018-10-28,20:00,Sporting CP,2.7,0.6,Boavista,27784,Estádio José Alvalade,Carlos Xistra,/pt/partidas/16c94c0b/Sporting-CP-Boavista-2018Outubro28-Primeira-Liga,3,0,,,,,,,,,,,,,,,,,,,,,,,,,,,,,,,,,,,,,,,,,,,,,,,,,,,,,,,,,,,,,,
72,9,sex,2018-11-02,20:30,Benfica,2.1,1.1,Moreirense,47216,Estádio do Sport Lisboa e Benfica,Nuno Almeida,/pt/partidas/31570dc9/Benfica-Moreirense-2018Novembro2-Primeira-Liga,1,3,,,,,,,,,,,,,,,,,,,,,,,,,,,,,,,,,,,,,,,,,,,,,,,,,,,,,,,,,,,,,,
73,9,sáb,2018-11-03,15:30,Portimonense,1.3,1.4,B-SAD,2921,Estádio do Portimonense SC,João Santos Capela,/pt/partidas/403383ae/Portimonense-Belenenses-SAD-2018Novembro3-Primeira-Liga,1,1,,,,,,,,,,,,,,,,,,,,,,,,,,,,,,,,,,,,,,,,,,,,,,,,,,,,,,,,,,,,,,
74,9,sáb,2018-11-03,18:00,Marítimo,0.3,2.3,Porto,9620,Estádio dos Barreiros,Carlos Xistra,/pt/partidas/1c2a303e/Maritimo-Porto-2018Novembro3-Primeira-Liga,0,2,,,,,,,,,,,,,,,,,,,,,,,,,,,,,,,,,,,,,,,,,,,,,,,,,,,,,,,,,,,,,,
75,9,sáb,2018-11-03,20:30,Boavista,0.3,1.5,Vitória,5739,Estádio do Bessa Século XXI,Tiago Martins,/pt/partidas/4e2aa4d4/Boavista-Vitoria-Guimaraes-2018Novembro3-Primeira-Liga,0,0,,,,,,,,,,,,,,,,,,,,,,,,,,,,,,,,,,,,,,,,,,,,,,,,,,,,,,,,,,,,,,
76,9,dom,2018-11-04,15:00,Feirense,1.3,3.6,Tondela,2136,Estádio Marcolino de Castro,Hugo Miguel,/pt/partidas/62e55da9/Feirense-Tondela-2018Novembro4-Primeira-Liga,2,4,,,,,,,,,,,,,,,,,,,,,,,,,,,,,,,,,,,,,,,,,,,,,,,,,,,,,,,,,,,,,,
77,9,dom,2018-11-04,16:30,Santa Clara,0.8,1.9,Sporting CP,9968,Estádio de São Miguel,Manuel Mota,/pt/partidas/8b34f767/Santa-Clara-Sporting-CP-2018Novembro4-Primeira-Liga,1,2,,,,,,,,,,,,,,,,,,,,,,,,,,,,,,,,,,,,,,,,,,,,,,,,,,,,,,,,,,,,,,
78,9,dom,2018-11-04,20:00,Braga,1.3,0.9,Vitória Setúbal,7254,Estádio Municipal de Braga,Hélder Malheiro,/pt/partidas/778f8112/Braga-Vitoria-Setubal-2018Novembro4-Primeira-Liga,2,1,,,,,,,,,,,,,,,,,,,,,,,,,,,,,,,,,,,,,,,,,,,,,,,,,,,,,,,,,,,,,,
79,9,seg,2018-11-05,19:00,Rio Ave,2.7,2.7,Nacional,2232,Estádio do Rio Ave Futebol Clube,João Pinto,/pt/partidas/21db2e6b/Rio-Ave-Nacional-2018Novembro5-Primeira-Liga,3,3,,,,,,,,,,,,,,,,,,,,,,,,,,,,,,,,,,,,,,,,,,,,,,,,,,,,,,,,,,,,,,
80,9,seg,2018-11-05,21:15,Chaves,1.2,1.0,Aves,2720,Estádio Municipal Eng. Manuel Branco Tei...,Rui Costa,/pt/partidas/97f585fb/Chaves-Aves-2018Novembro5-Primeira-Liga,1,2,,,,,,,,,,,,,,,,,,,,,,,,,,,,,,,,,,,,,,,,,,,,,,,,,,,,,,,,,,,,,,
81,10,sex,2018-11-09,19:00,Moreirense,1.1,0.7,Portimonense,1234,P.D. Comendador Joaquim de Almeida Freit...,Hugo Miguel,/pt/partidas/3d20fdc4/Moreirense-Portimonense-2018Novembro9-Primeira-Liga,2,0,,,,,,,,,,,,,,,,,,,,,,,,,,,,,,,,,,,,,,,,,,,,,,,,,,,,,,,,,,,,,,
82,10,sex,2018-11-09,21:15,Vitória Setúbal,0.6,0.3,Feirense,2196,Estádio do Bonfim,Fábio Costa,/pt/partidas/57a442b7/Vitoria-Setubal-Feirense-2018Novembro9-Primeira-Liga,2,1,,,,,,,,,,,,,,,,,,,,,,,,,,,,,,,,,,,,,,,,,,,,,,,,,,,,,,,,,,,,,,
83,10,sáb,2018-11-10,15:30,Aves,3.4,1.0,Rio Ave,1419,Estádio Clube Desportivo das Aves,Luís Godinho,/pt/partidas/39b7d572/Aves-Rio-Ave-2018Novembro10-Primeira-Liga,2,1,,,,,,,,,,,,,,,,,,,,,,,,,,,,,,,,,,,,,,,,,,,,,,,,,,,,,,,,,,,,,,
84,10,sáb,2018-11-10,15:30,B-SAD,0.8,0.6,Boavista,1622,Estádio Nacional,André Narciso,/pt/partidas/84ea6f1c/Belenenses-SAD-Boavista-2018Novembro10-Primeira-Liga,0,0,,,,,,,,,,,,,,,,,,,,,,,,,,,,,,,,,,,,,,,,,,,,,,,,,,,,,,,,,,,,,,
85,10,sáb,2018-11-10,18:00,Nacional,1.4,0.9,Marítimo,2981,Estádio da Madeira,Rui Costa,/pt/partidas/266a54ad/Nacional-Maritimo-2018Novembro10-Primeira-Liga,1,0,,,,,,,,,,,,,,,,,,,,,,,,,,,,,,,,,,,,,,,,,,,,,,,,,,,,,,,,,,,,,,
86,10,sáb,2018-11-10,20:30,Porto,0.8,0.8,Braga,47929,Estádio Do Dragão,Artur Soares Dias,/pt/partidas/4d16b933/Porto-Braga-2018Novembro10-Primeira-Liga,1,0,,,,,,,,,,,,,,,,,,,,,,,,,,,,,,,,,,,,,,,,,,,,,,,,,,,,,,,,,,,,,,
87,10,dom,2018-11-11,15:00,Vitória,2.4,0.3,Santa Clara,12484,Estádio Dom Afonso Henriques,Carlos Xistra,/pt/partidas/df3e4dc7/Vitoria-Guimaraes-Santa-Clara-2018Novembro11-Primeira-Liga,2,0,,,,,,,,,,,,,,,,,,,,,,,,,,,,,,,,,,,,,,,,,,,,,,,,,,,,,,,,,,,,,,
88,10,dom,2018-11-11,17:30,Tondela,1.1,2.8,Benfica,4755,Estádio João Cardoso,João Pinheiro,/pt/partidas/ba68b647/Tondela-Benfica-2018Novembro11-Primeira-Liga,1,3,,,,,,,,,,,,,,,,,,,,,,,,,,,,,,,,,,,,,,,,,,,,,,,,,,,,,,,,,,,,,,
89,10,dom,2018-11-11,20:00,Sporting CP,1.8,0.1,Chaves,20359,Estádio José Alvalade,Tiago Martins,/pt/partidas/510fac15/Sporting-CP-Chaves-2018Novembro11-Primeira-Liga,2,1,,,,,,,,,,,,,,,,,,,,,,,,,,,,,,,,,,,,,,,,,,,,,,,,,,,,,,,,,,,,,,
90,11,sex,2018-11-30,19:30,Santa Clara,1.3,2.2,B-SAD,2369,Estádio de São Miguel,António Nobre,/pt/partidas/e378381c/Santa-Clara-Belenenses-SAD-2018Novembro30-Primeira-Liga,2,3,,,,,,,,,,,,,,,,,,,,,,,,,,,,,,,,,,,,,,,,,,,,,,,,,,,,,,,,,,,,,,
91,11,sáb,2018-12-01,15:30,Marítimo,0.4,0.9,Vitória Setúbal,4256,Estádio dos Barreiros,Artur Soares Dias,/pt/partidas/fbc6b53e/Maritimo-Vitoria-Setubal-2018Dezembro1-Primeira-Liga,0,1,,,,,,,,,,,,,,,,,,,,,,,,,,,,,,,,,,,,,,,,,,,,,,,,,,,,,,,,,,,,,,
92,11,sáb,2018-12-01,18:00,Benfica,2.8,0.1,Feirense,44547,Estádio do Sport Lisboa e Benfica,Rui Costa,/pt/partidas/d4ada794/Benfica-Feirense-2018Dezembro1-Primeira-Liga,4,0,,,,,,,,,,,,,,,,,,,,,,,,,,,,,,,,,,,,,,,,,,,,,,,,,,,,,,,,,,,,,,
93,11,sáb,2018-12-01,20:30,Braga,2.1,1.5,Moreirense,9807,Estádio Municipal de Braga,Manuel Oliveira,/pt/partidas/d1701b5e/Braga-Moreirense-2018Dezembro1-Primeira-Liga,2,0,,,,,,,,,,,,,,,,,,,,,,,,,,,,,,,,,,,,,,,,,,,,,,,,,,,,,,,,,,,,,,
94,11,dom,2018-12-02,15:00,Portimonense,2.8,1.3,Tondela,2383,Estádio do Portimonense SC,Vitor Ferreira Fernandes,/pt/partidas/635acc5a/Portimonense-Tondela-2018Dezembro2-Primeira-Liga,3,2,,,,,,,,,,,,,,,,,,,,,,,,,,,,,,,,,,,,,,,,,,,,,,,,,,,,,,,,,,,,,,
95,11,dom,2018-12-02,15:00,Aves,1.2,3.5,Nacional,1596,Estádio Clube Desportivo das Aves,João Pinheiro,/pt/partidas/8164928d/Aves-Nacional-2018Dezembro2-Primeira-Liga,2,3,,,,,,,,,,,,,,,,,,,,,,,,,,,,,,,,,,,,,,,,,,,,,,,,,,,,,,,,,,,,,,
96,11,dom,2018-12-02,17:30,Chaves,0.6,1.8,Vitória,5980,Estádio Municipal Eng. Manuel Branco Tei...,João Santos Capela,/pt/partidas/a86d37b7/Chaves-Vitoria-Guimaraes-2018Dezembro2-Primeira-Liga,0,1,,,,,,,,,,,,,,,,,,,,,,,,,,,,,,,,,,,,,,,,,,,,,,,,,,,,,,,,,,,,,,
97,11,dom,2018-12-02,20:00,Boavista,0.6,3.8,Porto,13556,Estádio do Bessa Século XXI,Hugo Miguel,/pt/partidas/09e47b93/Boavista-Porto-2018Dezembro2-Primeira-Liga,0,1,,,,,,,,,,,,,,,,,,,,,,,,,,,,,,,,,,,,,,,,,,,,,,,,,,,,,,,,,,,,,,
98,11,seg,2018-12-03,20:15,Rio Ave,1.9,1.3,Sporting CP,5957,Estádio do Rio Ave Futebol Clube,Carlos Xistra,/pt/partidas/3bef3933/Rio-Ave-Sporting-CP-2018Dezembro3-Primeira-Liga,1,3,,,,,,,,,,,,,,,,,,,,,,,,,,,,,,,,,,,,,,,,,,,,,,,,,,,,,,,,,,,,,,
99,12,sex,2018-12-07,20:30,Porto,3.4,0.8,Portimonense,33511,Estádio Do Dragão,Manuel Mota,/pt/partidas/ae538c1e/Porto-Portimonense-2018Dezembro7-Primeira-Liga,4,1,,,,,,,,,,,,,,,,,,,,,,,,,,,,,,,,,,,,,,,,,,,,,,,,,,,,,,,,,,,,,,
100,12,sáb,2018-12-08,15:30,B-SAD,1.0,0.9,Chaves,1537,Estádio Nacional,Luís Godinho,/pt/partidas/37fcb38d/Belenenses-SAD-Chaves-2018Dezembro8-Primeira-Liga,1,0,,,,,,,,,,,,,,,,,,,,,,,,,,,,,,,,,,,,,,,,,,,,,,,,,,,,,,,,,,,,,,
101,12,sáb,2018-12-08,18:00,Tondela,0.4,0.5,Braga,2265,Estádio João Cardoso,Rui Costa,/pt/partidas/3b0283cc/Tondela-Braga-2018Dezembro8-Primeira-Liga,0,1,,,,,,,,,,,,,,,,,,,,,,,,,,,,,,,,,,,,,,,,,,,,,,,,,,,,,,,,,,,,,,
102,12,sáb,2018-12-08,20:30,Vitória Setúbal,1.0,1.1,Benfica,9300,Estádio do Bonfim,Carlos Xistra,/pt/partidas/272ab024/Vitoria-Setubal-Benfica-2018Dezembro8-Primeira-Liga,0,1,,,,,,,,,,,,,,,,,,,,,,,,,,,,,,,,,,,,,,,,,,,,,,,,,,,,,,,,,,,,,,
103,12,dom,2018-12-09,15:00,Moreirense,0.8,1.1,Santa Clara,1384,P.D. Comendador Joaquim de Almeida Freit...,André Narciso,/pt/partidas/4ba0101e/Moreirense-Santa-Clara-2018Dezembro9-Primeira-Liga,0,1,,,,,,,,,,,,,,,,,,,,,,,,,,,,,,,,,,,,,,,,,,,,,,,,,,,,,,,,,,,,,,
104,12,dom,2018-12-09,15:00,Nacional,1.9,0.2,Boavista,1758,Estádio da Madeira,Cláudio Ruivo Pereira,/pt/partidas/a0bb7577/Nacional-Boavista-2018Dezembro9-Primeira-Liga,0,0,,,,,,,,,,,,,,,,,,,,,,,,,,,,,,,,,,,,,,,,,,,,,,,,,,,,,,,,,,,,,,
105,12,dom,2018-12-09,17:30,Vitória,2.1,1.3,Rio Ave,22299,Estádio Dom Afonso Henriques,Nuno Almeida,/pt/partidas/c35f75c0/Vitoria-Guimaraes-Rio-Ave-2018Dezembro9-Primeira-Liga,3,2,,,,,,,,,,,,,,,,,,,,,,,,,,,,,,,,,,,,,,,,,,,,,,,,,,,,,,,,,,,,,,
106,12,dom,2018-12-09,20:00,Sporting CP,1.4,1.6,Aves,35124,Estádio José Alvalade,Vitor Ferreira Fernandes,/pt/partidas/e5d09a8b/Sporting-CP-Aves-2018Dezembro9-Primeira-Liga,4,1,,,,,,,,,,,,,,,,,,,,,,,,,,,,,,,,,,,,,,,,,,,,,,,,,,,,,,,,,,,,,,
107,12,seg,2018-12-10,20:15,Feirense,1.9,1.0,Marítimo,2110,Estádio Marcolino de Castro,Hélder Malheiro,/pt/partidas/ee224db4/Feirense-Maritimo-2018Dezembro10-Primeira-Liga,1,1,,,,,,,,,,,,,,,,,,,,,,,,,,,,,,,,,,,,,,,,,,,,,,,,,,,,,,,,,,,,,,
108,13,sex,2018-12-14,19:00,Portimonense,2.4,1.2,Vitória Setúbal,2294,Estádio do Portimonense SC,Hélder Malheiro,/pt/partidas/31e60a4a/Portimonense-Vitoria-Setubal-2018Dezembro14-Primeira-Liga,3,1,,,,,,,,,,,,,,,,,,,,,,,,,,,,,,,,,,,,,,,,,,,,,,,,,,,,,,,,,,,,,,
109,13,sex,2018-12-14,21:15,Braga,2.8,0.4,Feirense,7061,Estádio Municipal de Braga,Nuno Almeida,/pt/partidas/07eacab8/Braga-Feirense-2018Dezembro14-Primeira-Liga,4,0,,,,,,,,,,,,,,,,,,,,,,,,,,,,,,,,,,,,,,,,,,,,,,,,,,,,,,,,,,,,,,
110,13,sáb,2018-12-15,15:30,Boavista,1.5,1.1,Tondela,3834,Estádio do Bessa Século XXI,Artur Soares Dias,/pt/partidas/1d9d1a06/Boavista-Tondela-2018Dezembro15-Primeira-Liga,2,0,,,,,,,,,,,,,,,,,,,,,,,,,,,,,,,,,,,,,,,,,,,,,,,,,,,,,,,,,,,,,,
111,13,sáb,2018-12-15,15:30,Chaves,1.5,0.7,Moreirense,2780,Estádio Municipal Eng. Manuel Branco Tei...,Rui Costa,/pt/partidas/fb9aee88/Chaves-Moreirense-2018Dezembro15-Primeira-Liga,1,2,,,,,,,,,,,,,,,,,,,,,,,,,,,,,,,,,,,,,,,,,,,,,,,,,,,,,,,,,,,,,,
112,13,sáb,2018-12-15,18:00,Aves,0.8,2.0,Vitória,3100,Estádio Clube Desportivo das Aves,Carlos Xistra,/pt/partidas/ef140462/Aves-Vitoria-Guimaraes-2018Dezembro15-Primeira-Liga,1,1,,,,,,,,,,,,,,,,,,,,,,,,,,,,,,,,,,,,,,,,,,,,,,,,,,,,,,,,,,,,,,
113,13,sáb,2018-12-15,19:30,Santa Clara,1.6,2.0,Porto,8315,Estádio de São Miguel,Luís Godinho,/pt/partidas/979c8e98/Santa-Clara-Porto-2018Dezembro15-Primeira-Liga,1,2,,,,,,,,,,,,,,,,,,,,,,,,,,,,,,,,,,,,,,,,,,,,,,,,,,,,,,,,,,,,,,
114,13,dom,2018-12-16,15:00,Rio Ave,1.1,2.7,B-SAD,2288,Estádio do Rio Ave Futebol Clube,Manuel Mota,/pt/partidas/2b8fc139/Rio-Ave-Belenenses-SAD-2018Dezembro16-Primeira-Liga,2,2,,,,,,,,,,,,,,,,,,,,,,,,,,,,,,,,,,,,,,,,,,,,,,,,,,,,,,,,,,,,,,
115,13,dom,2018-12-16,17:30,Marítimo,0.3,1.7,Benfica,9830,Estádio dos Barreiros,João Pinheiro,/pt/partidas/20f605b8/Maritimo-Benfica-2018Dezembro16-Primeira-Liga,0,1,,,,,,,,,,,,,,,,,,,,,,,,,,,,,,,,,,,,,,,,,,,,,,,,,,,,,,,,,,,,,,
116,13,dom,2018-12-16,20:00,Sporting CP,3.2,1.2,Nacional,31408,Estádio José Alvalade,Fábio Costa,/pt/partidas/7a50e5a6/Sporting-CP-Nacional-2018Dezembro16-Primeira-Liga,5,2,,,,,,,,,,,,,,,,,,,,,,,,,,,,,,,,,,,,,,,,,,,,,,,,,,,,,,,,,,,,,,
117,14,sáb,2018-12-22,15:30,Feirense,1.8,1.5,Portimonense,2510,Estádio Marcolino de Castro,João Pinto,/pt/partidas/118d226b/Feirense-Portimonense-2018Dezembro22-Primeira-Liga,0,1,,,,,,,,,,,,,,,,,,,,,,,,,,,,,,,,,,,,,,,,,,,,,,,,,,,,,,,,,,,,,,
118,14,sáb,2018-12-22,15:30,Vitória Setúbal,0.4,1.9,Santa Clara,3079,Estádio do Bonfim,João Pinheiro,/pt/partidas/7df2e4ea/Vitoria-Setubal-Santa-Clara-2018Dezembro22-Primeira-Liga,0,2,,,,,,,,,,,,,,,,,,,,,,,,,,,,,,,,,,,,,,,,,,,,,,,,,,,,,,,,,,,,,,
119,14,sáb,2018-12-22,15:30,Tondela,4.0,1.9,Marítimo,1344,Estádio João Cardoso,Carlos Xistra,/pt/partidas/d96dce2e/Tondela-Maritimo-2018Dezembro22-Primeira-Liga,2,1,,,,,,,,,,,,,,,,,,,,,,,,,,,,,,,,,,,,,,,,,,,,,,,,,,,,,,,,,,,,,,
120,14,sáb,2018-12-22,18:00,B-SAD,1.5,1.8,Aves,1241,Estádio Nacional,Nuno Almeida,/pt/partidas/5e1bda0d/Belenenses-SAD-Aves-2018Dezembro22-Primeira-Liga,5,2,,,,,,,,,,,,,,,,,,,,,,,,,,,,,,,,,,,,,,,,,,,,,,,,,,,,,,,,,,,,,,
121,14,sáb,2018-12-22,20:30,Moreirense,2.1,0.9,Boavista,1634,P.D. Comendador Joaquim de Almeida Freit...,Manuel Oliveira,/pt/partidas/a699e77b/Moreirense-Boavista-2018Dezembro22-Primeira-Liga,2,1,,,,,,,,,,,,,,,,,,,,,,,,,,,,,,,,,,,,,,,,,,,,,,,,,,,,,,,,,,,,,,
122,14,dom,2018-12-23,15:00,Porto,2.6,1.0,Rio Ave,48208,Estádio Do Dragão,Tiago Martins,/pt/partidas/1d76feb1/Porto-Rio-Ave-2018Dezembro23-Primeira-Liga,2,1,,,,,,,,,,,,,,,,,,,,,,,,,,,,,,,,,,,,,,,,,,,,,,,,,,,,,,,,,,,,,,
123,14,dom,2018-12-23,15:00,Nacional,2.6,1.1,Chaves,2127,Estádio da Madeira,Vitor Ferreira Fernandes,/pt/partidas/3161abc5/Nacional-Chaves-2018Dezembro23-Primeira-Liga,2,0,,,,,,,,,,,,,,,,,,,,,,,,,,,,,,,,,,,,,,,,,,,,,,,,,,,,,,,,,,,,,,
124,14,dom,2018-12-23,17:30,Benfica,2.4,1.0,Braga,57842,Estádio do Sport Lisboa e Benfica,Artur Soares Dias,/pt/partidas/f857fe3b/Benfica-Braga-2018Dezembro23-Primeira-Liga,6,2,,,,,,,,,,,,,,,,,,,,,,,,,,,,,,,,,,,,,,,,,,,,,,,,,,,,,,,,,,,,,,
125,14,dom,2018-12-23,20:00,Vitória,1.5,0.9,Sporting CP,27435,Estádio Dom Afonso Henriques,Luís Godinho,/pt/partidas/a9f4f800/Vitoria-Guimaraes-Sporting-CP-2018Dezembro23-Primeira-Liga,1,0,,,,,,,,,,,,,,,,,,,,,,,,,,,,,,,,,,,,,,,,,,,,,,,,,,,,,,,,,,,,,,
126,15,qua,2019-01-02,15:00,Santa Clara,1.3,0.9,Tondela,2105,Estádio de São Miguel,Cláudio Ruivo Pereira,/pt/partidas/9290f607/Santa-Clara-Tondela-2019Janeiro2-Primeira-Liga,1,2,,,,,,,,,,,,,,,,,,,,,,,,,,,,,,,,,,,,,,,,,,,,,,,,,,,,,,,,,,,,,,
127,15,qua,2019-01-02,18:00,Boavista,1.0,1.4,Vitória Setúbal,3688,Estádio do Bessa Século XXI,Tiago Martins,/pt/partidas/8a77afd4/Boavista-Vitoria-Setubal-2019Janeiro2-Primeira-Liga,1,0,,,,,,,,,,,,,,,,,,,,,,,,,,,,,,,,,,,,,,,,,,,,,,,,,,,,,,,,,,,,,,
128,15,qua,2019-01-02,18:00,Braga,0.7,0.2,Marítimo,8714,Estádio Municipal de Braga,Manuel Oliveira,/pt/partidas/95c57c4b/Braga-Maritimo-2019Janeiro2-Primeira-Liga,2,0,,,,,,,,,,,,,,,,,,,,,,,,,,,,,,,,,,,,,,,,,,,,,,,,,,,,,,,,,,,,,,
129,15,qua,2019-01-02,18:00,Nacional,1.4,0.3,Vitória,2229,Estádio da Madeira,Hélder Malheiro,/pt/partidas/deb6a8d2/Nacional-Vitoria-Guimaraes-2019Janeiro2-Primeira-Liga,1,0,,,,,,,,,,,,,,,,,,,,,,,,,,,,,,,,,,,,,,,,,,,,,,,,,,,,,,,,,,,,,,
130,15,qua,2019-01-02,20:15,Rio Ave,1.6,1.3,Moreirense,2089,Estádio do Rio Ave Futebol Clube,Fábio Costa,/pt/partidas/8af64c07/Rio-Ave-Moreirense-2019Janeiro2-Primeira-Liga,1,2,,,,,,,,,,,,,,,,,,,,,,,,,,,,,,,,,,,,,,,,,,,,,,,,,,,,,,,,,,,,,,
131,15,qua,2019-01-02,20:15,Portimonense,1.3,0.8,Benfica,5884,Estádio do Portimonense SC,Manuel Mota,/pt/partidas/ae94a750/Portimonense-Benfica-2019Janeiro2-Primeira-Liga,2,0,,,,,,,,,,,,,,,,,,,,,,,,,,,,,,,,,,,,,,,,,,,,,,,,,,,,,,,,,,,,,,
132,15,qui,2019-01-03,16:00,Chaves,1.5,0.3,Feirense,2170,Estádio Municipal Eng. Manuel Branco Tei...,Artur Soares Dias,/pt/partidas/68f57d4f/Chaves-Feirense-2019Janeiro3-Primeira-Liga,0,0,,,,,,,,,,,,,,,,,,,,,,,,,,,,,,,,,,,,,,,,,,,,,,,,,,,,,,,,,,,,,,
133,15,qui,2019-01-03,18:00,Sporting CP,0.6,1.2,B-SAD,30054,Estádio José Alvalade,João Santos Capela,/pt/partidas/38e34278/Sporting-CP-Belenenses-SAD-2019Janeiro3-Primeira-Liga,2,1,,,,,,,,,,,,,,,,,,,,,,,,,,,,,,,,,,,,,,,,,,,,,,,,,,,,,,,,,,,,,,
134,15,qui,2019-01-03,20:15,Aves,0.6,1.4,Porto,5338,Estádio Clube Desportivo das Aves,João Pinheiro,/pt/partidas/016eff0f/Aves-Porto-2019Janeiro3-Primeira-Liga,0,1,,,,,,,,,,,,,,,,,,,,,,,,,,,,,,,,,,,,,,,,,,,,,,,,,,,,,,,,,,,,,,
135,16,sáb,2019-01-05,20:30,Marítimo,1.0,1.5,Portimonense,6443,Estádio dos Barreiros,Tiago Martins,/pt/partidas/c8812ea9/Maritimo-Portimonense-2019Janeiro5-Primeira-Liga,2,1,,,,,,,,,,,,,,,,,,,,,,,,,,,,,,,,,,,,,,,,,,,,,,,,,,,,,,,,,,,,,,
136,16,dom,2019-01-06,15:00,Feirense,2.1,0.7,Santa Clara,2098,Estádio Marcolino de Castro,Carlos Xistra,/pt/partidas/03ca8082/Feirense-Santa-Clara-2019Janeiro6-Primeira-Liga,2,2,,,,,,,,,,,,,,,,,,,,,,,,,,,,,,,,,,,,,,,,,,,,,,,,,,,,,,,,,,,,,,
137,16,dom,2019-01-06,15:00,B-SAD,1.6,1.5,Vitória,3382,Estádio Nacional,Artur Soares Dias,/pt/partidas/5551d715/Belenenses-SAD-Vitoria-Guimaraes-2019Janeiro6-Primeira-Liga,1,0,,,,,,,,,,,,,,,,,,,,,,,,,,,,,,,,,,,,,,,,,,,,,,,,,,,,,,,,,,,,,,
138,16,dom,2019-01-06,15:00,Vitória Setúbal,1.1,1.3,Chaves,3205,Estádio do Bonfim,Hugo Miguel,/pt/partidas/f77ebb24/Vitoria-Setubal-Chaves-2019Janeiro6-Primeira-Liga,0,0,,,,,,,,,,,,,,,,,,,,,,,,,,,,,,,,,,,,,,,,,,,,,,,,,,,,,,,,,,,,,,
139,16,dom,2019-01-06,17:30,Benfica,3.2,2.1,Rio Ave,49281,Estádio do Sport Lisboa e Benfica,Luís Godinho,/pt/partidas/75057bcd/Benfica-Rio-Ave-2019Janeiro6-Primeira-Liga,4,2,,,,,,,,,,,,,,,,,,,,,,,,,,,,,,,,,,,,,,,,,,,,,,,,,,,,,,,,,,,,,,
140,16,dom,2019-01-06,20:00,Braga,0.4,1.6,Boavista,9133,Estádio Municipal de Braga,João Santos Capela,/pt/partidas/cd890128/Braga-Boavista-2019Janeiro6-Primeira-Liga,1,0,,,,,,,,,,,,,,,,,,,,,,,,,,,,,,,,,,,,,,,,,,,,,,,,,,,,,,,,,,,,,,
141,16,seg,2019-01-07,17:00,Moreirense,1.5,0.5,Aves,1682,P.D. Comendador Joaquim de Almeida Freit...,Manuel Mota,/pt/partidas/22b67ac7/Moreirense-Aves-2019Janeiro7-Primeira-Liga,1,0,,,,,,,,,,,,,,,,,,,,,,,,,,,,,,,,,,,,,,,,,,,,,,,,,,,,,,,,,,,,,,
142,16,seg,2019-01-07,19:00,Tondela,1.1,2.7,Sporting CP,4772,Estádio João Cardoso,Nuno Almeida,/pt/partidas/4fd89cb5/Tondela-Sporting-CP-2019Janeiro7-Primeira-Liga,2,1,,,,,,,,,,,,,,,,,,,,,,,,,,,,,,,,,,,,,,,,,,,,,,,,,,,,,,,,,,,,,,
143,16,seg,2019-01-07,21:15,Porto,1.5,0.6,Nacional,33708,Estádio Do Dragão,Rui Costa,/pt/partidas/6bb7f80b/Porto-Nacional-2019Janeiro7-Primeira-Liga,3,1,,,,,,,,,,,,,,,,,,,,,,,,,,,,,,,,,,,,,,,,,,,,,,,,,,,,,,,,,,,,,,
144,17,qui,2019-01-10,20:15,Portimonense,1.2,1.1,Braga,3363,Estádio do Portimonense SC,Fábio Costa,/pt/partidas/86c8aa2c/Portimonense-Braga-2019Janeiro10-Primeira-Liga,1,1,,,,,,,,,,,,,,,,,,,,,,,,,,,,,,,,,,,,,,,,,,,,,,,,,,,,,,,,,,,,,,
145,17,sex,2019-01-11,18:00,Santa Clara,0.3,2.8,Benfica,10000,Estádio de São Miguel,João Santos Capela,/pt/partidas/66c6167e/Santa-Clara-Benfica-2019Janeiro11-Primeira-Liga,0,2,,,,,,,,,,,,,,,,,,,,,,,,,,,,,,,,,,,,,,,,,,,,,,,,,,,,,,,,,,,,,,
146,17,sex,2019-01-11,19:00,Aves,1.2,0.8,Feirense,870,Estádio Clube Desportivo das Aves,Manuel Oliveira,/pt/partidas/2a3e6086/Aves-Feirense-2019Janeiro11-Primeira-Liga,1,1,,,,,,,,,,,,,,,,,,,,,,,,,,,,,,,,,,,,,,,,,,,,,,,,,,,,,,,,,,,,,,
147,17,sex,2019-01-11,21:15,Vitória,1.5,0.4,Moreirense,15318,Estádio Dom Afonso Henriques,Carlos Xistra,/pt/partidas/e89d6458/Vitoria-Guimaraes-Moreirense-2019Janeiro11-Primeira-Liga,1,0,,,,,,,,,,,,,,,,,,,,,,,,,,,,,,,,,,,,,,,,,,,,,,,,,,,,,,,,,,,,,,
148,17,sáb,2019-01-12,15:30,Sporting CP,0.8,0.9,Porto,45174,Estádio José Alvalade,Hugo Miguel,/pt/partidas/c372f55b/Sporting-CP-Porto-2019Janeiro12-Primeira-Liga,0,0,,,,,,,,,,,,,,,,,,,,,,,,,,,,,,,,,,,,,,,,,,,,,,,,,,,,,,,,,,,,,,
149,17,sáb,2019-01-12,20:30,Boavista,1.5,0.5,Marítimo,3907,Estádio do Bessa Século XXI,Luís Godinho,/pt/partidas/bc5b502e/Boavista-Maritimo-2019Janeiro12-Primeira-Liga,0,1,,,,,,,,,,,,,,,,,,,,,,,,,,,,,,,,,,,,,,,,,,,,,,,,,,,,,,,,,,,,,,
150,17,dom,2019-01-13,15:00,Nacional,1.5,1.3,B-SAD,2235,Estádio da Madeira,André Narciso,/pt/partidas/3318f5c4/Nacional-Belenenses-SAD-2019Janeiro13-Primeira-Liga,0,1,,,,,,,,,,,,,,,,,,,,,,,,,,,,,,,,,,,,,,,,,,,,,,,,,,,,,,,,,,,,,,
151,17,dom,2019-01-13,17:30,Chaves,1.8,2.0,Tondela,2666,Estádio Municipal Eng. Manuel Branco Tei...,António Nobre,/pt/partidas/cbadf610/Chaves-Tondela-2019Janeiro13-Primeira-Liga,2,1,,,,,,,,,,,,,,,,,,,,,,,,,,,,,,,,,,,,,,,,,,,,,,,,,,,,,,,,,,,,,,
152,17,dom,2019-01-13,20:00,Rio Ave,0.9,1.9,Vitória Setúbal,2163,Estádio do Rio Ave Futebol Clube,Manuel Mota,/pt/partidas/93e3a402/Rio-Ave-Vitoria-Setubal-2019Janeiro13-Primeira-Liga,1,1,,,,,,,,,,,,,,,,,,,,,,,,,,,,,,,,,,,,,,,,,,,,,,,,,,,,,,,,,,,,,,
153,18,sex,2019-01-18,18:45,Nacional,0.2,2.4,Braga,2313,Estádio da Madeira,Hugo Miguel,/pt/partidas/8fe10235/Nacional-Braga-2019Janeiro18-Primeira-Liga,0,3,,,,,,,,,,,,,,,,,,,,,,,,,,,,,,,,,,,,,,,,,,,,,,,,,,,,,,,,,,,,,,
154,18,sex,2019-01-18,19:00,Chaves,1.2,3.3,Porto,5950,Estádio Municipal Eng. Manuel Branco Tei...,Nuno Almeida,/pt/partidas/018cc1d7/Chaves-Porto-2019Janeiro18-Primeira-Liga,1,4,,,,,,,,,,,,,,,,,,,,,,,,,,,,,,,,,,,,,,,,,,,,,,,,,,,,,,,,,,,,,,
155,18,sex,2019-01-18,21:15,Vitória,0.4,1.2,Benfica,22841,Estádio Dom Afonso Henriques,Tiago Martins,/pt/partidas/527bedd2/Vitoria-Guimaraes-Benfica-2019Janeiro18-Primeira-Liga,0,1,,,,,,,,,,,,,,,,,,,,,,,,,,,,,,,,,,,,,,,,,,,,,,,,,,,,,,,,,,,,,,
156,18,sáb,2019-01-19,15:30,B-SAD,1.7,1.3,Tondela,1521,Estádio Nacional,Carlos Xistra,/pt/partidas/19da8e53/Belenenses-SAD-Tondela-2019Janeiro19-Primeira-Liga,2,2,,,,,,,,,,,,,,,,,,,,,,,,,,,,,,,,,,,,,,,,,,,,,,,,,,,,,,,,,,,,,,
157,18,sáb,2019-01-19,18:00,Sporting CP,0.8,1.0,Moreirense,30121,Estádio José Alvalade,Rui Costa,/pt/partidas/c3b124fd/Sporting-CP-Moreirense-2019Janeiro19-Primeira-Liga,2,1,,,,,,,,,,,,,,,,,,,,,,,,,,,,,,,,,,,,,,,,,,,,,,,,,,,,,,,,,,,,,,
158,18,sáb,2019-01-19,19:30,Santa Clara,1.2,0.8,Marítimo,3139,Estádio de São Miguel,Hélder Malheiro,/pt/partidas/93c671d3/Santa-Clara-Maritimo-2019Janeiro19-Primeira-Liga,0,1,,,,,,,,,,,,,,,,,,,,,,,,,,,,,,,,,,,,,,,,,,,,,,,,,,,,,,,,,,,,,,
159,18,dom,2019-01-20,15:00,Aves,1.3,0.5,Vitória Setúbal,1617,Estádio Clube Desportivo das Aves,Artur Soares Dias,/pt/partidas/f9d630cc/Aves-Vitoria-Setubal-2019Janeiro20-Primeira-Liga,2,1,,,,,,,,,,,,,,,,,,,,,,,,,,,,,,,,,,,,,,,,,,,,,,,,,,,,,,,,,,,,,,
160,18,dom,2019-01-20,17:30,Boavista,0.8,1.5,Portimonense,4145,Estádio do Bessa Século XXI,Manuel Mota,/pt/partidas/05967561/Boavista-Portimonense-2019Janeiro20-Primeira-Liga,0,2,,,,,,,,,,,,,,,,,,,,,,,,,,,,,,,,,,,,,,,,,,,,,,,,,,,,,,,,,,,,,,
161,18,dom,2019-01-20,20:00,Rio Ave,1.0,0.7,Feirense,2052,Estádio do Rio Ave Futebol Clube,João Pinheiro,/pt/partidas/199f4b22/Rio-Ave-Feirense-2019Janeiro20-Primeira-Liga,0,0,,,,,,,,,,,,,,,,,,,,,,,,,,,,,,,,,,,,,,,,,,,,,,,,,,,,,,,,,,,,,,
162,19,seg,2019-01-28,17:00,Marítimo,0.9,1.6,Rio Ave,5420,Estádio dos Barreiros,Hugo Miguel,/pt/partidas/358391a8/Maritimo-Rio-Ave-2019Janeiro28-Primeira-Liga,0,2,,,,,,,,,,,,,,,,,,,,,,,,,,,,,,,,,,,,,,,,,,,,,,,,,,,,,,,,,,,,,,
163,19,seg,2019-01-28,19:00,Tondela,0.3,2.5,Aves,1478,Estádio João Cardoso,Vitor Ferreira Fernandes,/pt/partidas/1b73b1c0/Tondela-Aves-2019Janeiro28-Primeira-Liga,0,2,,,,,,,,,,,,,,,,,,,,,,,,,,,,,,,,,,,,,,,,,,,,,,,,,,,,,,,,,,,,,,
164,19,seg,2019-01-28,19:00,Moreirense,1.3,0.7,Nacional,1329,P.D. Comendador Joaquim de Almeida Freit...,Manuel Mota,/pt/partidas/a9d28c40/Moreirense-Nacional-2019Janeiro28-Primeira-Liga,2,1,,,,,,,,,,,,,,,,,,,,,,,,,,,,,,,,,,,,,,,,,,,,,,,,,,,,,,,,,,,,,,
165,19,seg,2019-01-28,21:15,Feirense,0.4,1.7,Vitória,3014,Estádio Marcolino de Castro,Nuno Almeida,/pt/partidas/8d8ce57b/Feirense-Vitoria-Guimaraes-2019Janeiro28-Primeira-Liga,1,2,,,,,,,,,,,,,,,,,,,,,,,,,,,,,,,,,,,,,,,,,,,,,,,,,,,,,,,,,,,,,,
166,19,ter,2019-01-29,19:00,Benfica,3.1,1.7,Boavista,41352,Estádio do Sport Lisboa e Benfica,Rui Costa,/pt/partidas/c15021c6/Benfica-Boavista-2019Janeiro29-Primeira-Liga,5,1,,,,,,,,,,,,,,,,,,,,,,,,,,,,,,,,,,,,,,,,,,,,,,,,,,,,,,,,,,,,,,
167,19,ter,2019-01-29,19:00,Portimonense,0.7,1.0,Chaves,2163,Estádio do Portimonense SC,André Narciso,/pt/partidas/f3686357/Portimonense-Chaves-2019Janeiro29-Primeira-Liga,0,1,,,,,,,,,,,,,,,,,,,,,,,,,,,,,,,,,,,,,,,,,,,,,,,,,,,,,,,,,,,,,,
168,19,ter,2019-01-29,21:15,Braga,1.3,1.2,Santa Clara,6933,Estádio Municipal de Braga,João Santos Capela,/pt/partidas/7daa23c7/Braga-Santa-Clara-2019Janeiro29-Primeira-Liga,1,0,,,,,,,,,,,,,,,,,,,,,,,,,,,,,,,,,,,,,,,,,,,,,,,,,,,,,,,,,,,,,,
169,19,qua,2019-01-30,19:00,Vitória Setúbal,1.3,1.9,Sporting CP,5098,Estádio do Bonfim,Hélder Malheiro,/pt/partidas/0b0b1bed/Vitoria-Setubal-Sporting-CP-2019Janeiro30-Primeira-Liga,1,1,,,,,,,,,,,,,,,,,,,,,,,,,,,,,,,,,,,,,,,,,,,,,,,,,,,,,,,,,,,,,,
170,19,qua,2019-01-30,21:15,Porto,1.5,0.6,B-SAD,21808,Estádio Do Dragão,Luís Godinho,/pt/partidas/10c11b8a/Porto-Belenenses-SAD-2019Janeiro30-Primeira-Liga,3,0,,,,,,,,,,,,,,,,,,,,,,,,,,,,,,,,,,,,,,,,,,,,,,,,,,,,,,,,,,,,,,
171,20,sex,2019-02-01,20:30,Rio Ave,0.7,1.4,Tondela,1159,Estádio do Rio Ave Futebol Clube,João Santos Capela,/pt/partidas/63d29cc8/Rio-Ave-Tondela-2019Fevereiro1-Primeira-Liga,2,2,,,,,,,,,,,,,,,,,,,,,,,,,,,,,,,,,,,,,,,,,,,,,,,,,,,,,,,,,,,,,,
172,20,sáb,2019-02-02,15:30,Chaves,0.8,0.6,Marítimo,2477,Estádio Municipal Eng. Manuel Branco Tei...,Luís Godinho,/pt/partidas/91ba5037/Chaves-Maritimo-2019Fevereiro2-Primeira-Liga,1,0,,,,,,,,,,,,,,,,,,,,,,,,,,,,,,,,,,,,,,,,,,,,,,,,,,,,,,,,,,,,,,
173,20,sáb,2019-02-02,18:00,Boavista,1.3,0.3,Feirense,4056,Estádio do Bessa Século XXI,Hugo Miguel,/pt/partidas/c6a3356e/Boavista-Feirense-2019Fevereiro2-Primeira-Liga,2,0,,,,,,,,,,,,,,,,,,,,,,,,,,,,,,,,,,,,,,,,,,,,,,,,,,,,,,,,,,,,,,
174,20,sáb,2019-02-02,20:30,Aves,0.3,1.9,Braga,2175,Estádio Clube Desportivo das Aves,Hélder Malheiro,/pt/partidas/272e0164/Aves-Braga-2019Fevereiro2-Primeira-Liga,0,2,,,,,,,,,,,,,,,,,,,,,,,,,,,,,,,,,,,,,,,,,,,,,,,,,,,,,,,,,,,,,,
175,20,dom,2019-02-03,14:00,Santa Clara,3.7,1.5,Portimonense,2321,Estádio de São Miguel,Vitor Ferreira Fernandes,/pt/partidas/6408e263/Santa-Clara-Portimonense-2019Fevereiro3-Primeira-Liga,2,1,,,,,,,,,,,,,,,,,,,,,,,,,,,,,,,,,,,,,,,,,,,,,,,,,,,,,,,,,,,,,,
176,20,dom,2019-02-03,15:00,Nacional,0.7,1.0,Vitória Setúbal,1675,Estádio da Madeira,João Pinto,/pt/partidas/3521383a/Nacional-Vitoria-Setubal-2019Fevereiro3-Primeira-Liga,0,0,,,,,,,,,,,,,,,,,,,,,,,,,,,,,,,,,,,,,,,,,,,,,,,,,,,,,,,,,,,,,,
177,20,dom,2019-02-03,17:30,Sporting CP,1.5,3.2,Benfica,45503,Estádio José Alvalade,Artur Soares Dias,/pt/partidas/7dd542b2/Derby-de-Lisboa-Sporting-CP-Benfica-2019Fevereiro3-Primeira-Liga,2,4,,,,,,,,,,,,,,,,,,,,,,,,,,,,,,,,,,,,,,,,,,,,,,,,,,,,,,,,,,,,,,
178,20,dom,2019-02-03,20:00,Vitória,0.3,2.2,Porto,25110,Estádio Dom Afonso Henriques,Rui Costa,/pt/partidas/556921d1/Vitoria-Guimaraes-Porto-2019Fevereiro3-Primeira-Liga,0,0,,,,,,,,,,,,,,,,,,,,,,,,,,,,,,,,,,,,,,,,,,,,,,,,,,,,,,,,,,,,,,
179,20,seg,2019-02-04,20:15,B-SAD,1.1,0.6,Moreirense,298,Estádio Nacional,Cláudio Ruivo Pereira,/pt/partidas/b28edd4b/Belenenses-SAD-Moreirense-2019Fevereiro4-Primeira-Liga,0,1,,,,,,,,,,,,,,,,,,,,,,,,,,,,,,,,,,,,,,,,,,,,,,,,,,,,,,,,,,,,,,
180,21,sex,2019-02-08,20:30,Moreirense,1.2,1.7,Porto,3941,P.D. Comendador Joaquim de Almeida Freit...,Jorge de Sousa,/pt/partidas/10fb13c1/Moreirense-Porto-2019Fevereiro8-Primeira-Liga,1,1,,,,,,,,,,,,,,,,,,,,,,,,,,,,,,,,,,,,,,,,,,,,,,,,,,,,,,,,,,,,,,
181,21,sáb,2019-02-09,15:30,Marítimo,0.4,1.1,Aves,6307,Estádio dos Barreiros,Rui Costa,/pt/partidas/512d8e8d/Maritimo-Aves-2019Fevereiro9-Primeira-Liga,0,1,,,,,,,,,,,,,,,,,,,,,,,,,,,,,,,,,,,,,,,,,,,,,,,,,,,,,,,,,,,,,,
182,21,sáb,2019-02-09,18:00,Portimonense,0.7,1.4,Rio Ave,2495,Estádio do Portimonense SC,Hélder Malheiro,/pt/partidas/9e0d2e4a/Portimonense-Rio-Ave-2019Fevereiro9-Primeira-Liga,0,1,,,,,,,,,,,,,,,,,,,,,,,,,,,,,,,,,,,,,,,,,,,,,,,,,,,,,,,,,,,,,,
183,21,sáb,2019-02-09,20:30,Tondela,1.2,0.4,Vitória,2410,Estádio João Cardoso,Manuel Oliveira,/pt/partidas/6d7e3e37/Tondela-Vitoria-Guimaraes-2019Fevereiro9-Primeira-Liga,1,0,,,,,,,,,,,,,,,,,,,,,,,,,,,,,,,,,,,,,,,,,,,,,,,,,,,,,,,,,,,,,,
184,21,dom,2019-02-10,15:00,Braga,2.7,0.9,Chaves,17362,Estádio Municipal de Braga,Hugo Miguel,/pt/partidas/5c3c3b97/Braga-Chaves-2019Fevereiro10-Primeira-Liga,2,1,,,,,,,,,,,,,,,,,,,,,,,,,,,,,,,,,,,,,,,,,,,,,,,,,,,,,,,,,,,,,,
185,21,dom,2019-02-10,15:00,Boavista,2.5,0.4,Santa Clara,4072,Estádio do Bessa Século XXI,Artur Soares Dias,/pt/partidas/867d343d/Boavista-Santa-Clara-2019Fevereiro10-Primeira-Liga,1,0,,,,,,,,,,,,,,,,,,,,,,,,,,,,,,,,,,,,,,,,,,,,,,,,,,,,,,,,,,,,,,
186,21,dom,2019-02-10,17:30,Benfica,5.8,0.2,Nacional,54810,Estádio do Sport Lisboa e Benfica,Nuno Almeida,/pt/partidas/68aa1f35/Benfica-Nacional-2019Fevereiro10-Primeira-Liga,10,0,,,,,,,,,,,,,,,,,,,,,,,,,,,,,,,,,,,,,,,,,,,,,,,,,,,,,,,,,,,,,,
187,21,dom,2019-02-10,20:00,Feirense,1.4,1.1,Sporting CP,4114,Estádio Marcolino de Castro,Manuel Mota,/pt/partidas/8ce23f47/Feirense-Sporting-CP-2019Fevereiro10-Primeira-Liga,1,3,,,,,,,,,,,,,,,,,,,,,,,,,,,,,,,,,,,,,,,,,,,,,,,,,,,,,,,,,,,,,,
188,21,seg,2019-02-11,20:15,Vitória Setúbal,0.3,0.4,B-SAD,2471,Estádio do Bonfim,João Santos Capela,/pt/partidas/104402bb/Vitoria-Setubal-Belenenses-SAD-2019Fevereiro11-Primeira-Liga,0,0,,,,,,,,,,,,,,,,,,,,,,,,,,,,,,,,,,,,,,,,,,,,,,,,,,,,,,,,,,,,,,
189,22,sex,2019-02-15,20:30,Rio Ave,1.6,1.5,Santa Clara,2343,Estádio do Rio Ave Futebol Clube,Vitor Ferreira Fernandes,/pt/partidas/37a49394/Rio-Ave-Santa-Clara-2019Fevereiro15-Primeira-Liga,1,2,,,,,,,,,,,,,,,,,,,,,,,,,,,,,,,,,,,,,,,,,,,,,,,,,,,,,,,,,,,,,,
190,22,sáb,2019-02-16,15:30,Nacional,2.5,0.3,Feirense,2654,Estádio da Madeira,João Pinheiro,/pt/partidas/557d7e1d/Nacional-Feirense-2019Fevereiro16-Primeira-Liga,4,0,,,,,,,,,,,,,,,,,,,,,,,,,,,,,,,,,,,,,,,,,,,,,,,,,,,,,,,,,,,,,,
191,22,sáb,2019-02-16,18:00,Vitória,2.6,0.5,Portimonense,16341,Estádio Dom Afonso Henriques,Artur Soares Dias,/pt/partidas/f0601210/Vitoria-Guimaraes-Portimonense-2019Fevereiro16-Primeira-Liga,2,0,,,,,,,,,,,,,,,,,,,,,,,,,,,,,,,,,,,,,,,,,,,,,,,,,,,,,,,,,,,,,,
192,22,sáb,2019-02-16,20:30,Porto,2.1,0.1,Vitória Setúbal,41116,Estádio Do Dragão,Nuno Almeida,/pt/partidas/a3cbdb6b/Porto-Vitoria-Setubal-2019Fevereiro16-Primeira-Liga,2,0,,,,,,,,,,,,,,,,,,,,,,,,,,,,,,,,,,,,,,,,,,,,,,,,,,,,,,,,,,,,,,
193,22,dom,2019-02-17,15:00,B-SAD,1.3,1.1,Marítimo,648,Estádio Nacional,António Nobre,/pt/partidas/1bad1d31/Belenenses-SAD-Maritimo-2019Fevereiro17-Primeira-Liga,0,1,,,,,,,,,,,,,,,,,,,,,,,,,,,,,,,,,,,,,,,,,,,,,,,,,,,,,,,,,,,,,,
194,22,dom,2019-02-17,15:00,Moreirense,1.9,0.3,Tondela,2090,P.D. Comendador Joaquim de Almeida Freit...,Rui Costa,/pt/partidas/1ffea9fc/Moreirense-Tondela-2019Fevereiro17-Primeira-Liga,2,0,,,,,,,,,,,,,,,,,,,,,,,,,,,,,,,,,,,,,,,,,,,,,,,,,,,,,,,,,,,,,,
195,22,dom,2019-02-17,17:30,Chaves,1.8,1.9,Boavista,4836,Estádio Municipal Eng. Manuel Branco Tei...,Manuel Oliveira,/pt/partidas/155fd00e/Chaves-Boavista-2019Fevereiro17-Primeira-Liga,1,1,,,,,,,,,,,,,,,,,,,,,,,,,,,,,,,,,,,,,,,,,,,,,,,,,,,,,,,,,,,,,,
196,22,dom,2019-02-17,20:00,Sporting CP,2.5,0.2,Braga,27673,Estádio José Alvalade,Jorge de Sousa,/pt/partidas/200a95d9/Sporting-CP-Braga-2019Fevereiro17-Primeira-Liga,3,0,,,,,,,,,,,,,,,,,,,,,,,,,,,,,,,,,,,,,,,,,,,,,,,,,,,,,,,,,,,,,,
197,22,seg,2019-02-18,20:15,Aves,0.9,1.4,Benfica,5159,Estádio Clube Desportivo das Aves,Hugo Miguel,/pt/partidas/97ae6b06/Aves-Benfica-2019Fevereiro18-Primeira-Liga,0,3,,,,,,,,,,,,,,,,,,,,,,,,,,,,,,,,,,,,,,,,,,,,,,,,,,,,,,,,,,,,,,
198,23,sex,2019-02-22,19:00,Braga,1.3,0.5,B-SAD,9054,Estádio Municipal de Braga,Nuno Almeida,/pt/partidas/223e241a/Braga-Belenenses-SAD-2019Fevereiro22-Primeira-Liga,0,2,,,,,,,,,,,,,,,,,,,,,,,,,,,,,,,,,,,,,,,,,,,,,,,,,,,,,,,,,,,,,,
199,23,sex,2019-02-22,21:15,Tondela,0.5,2.3,Porto,3963,Estádio João Cardoso,Luís Godinho,/pt/partidas/c695b8d5/Tondela-Porto-2019Fevereiro22-Primeira-Liga,0,3,,,,,,,,,,,,,,,,,,,,,,,,,,,,,,,,,,,,,,,,,,,,,,,,,,,,,,,,,,,,,,
200,23,sáb,2019-02-23,15:30,Feirense,0.7,0.8,Moreirense,3241,Estádio Marcolino de Castro,Manuel Oliveira,/pt/partidas/ad268e0a/Feirense-Moreirense-2019Fevereiro23-Primeira-Liga,1,3,,,,,,,,,,,,,,,,,,,,,,,,,,,,,,,,,,,,,,,,,,,,,,,,,,,,,,,,,,,,,,
201,23,sáb,2019-02-23,18:00,Portimonense,0.8,0.8,Aves,2850,Estádio do Portimonense SC,Jorge de Sousa,/pt/partidas/25249a26/Portimonense-Aves-2019Fevereiro23-Primeira-Liga,1,1,,,,,,,,,,,,,,,,,,,,,,,,,,,,,,,,,,,,,,,,,,,,,,,,,,,,,,,,,,,,,,
202,23,sáb,2019-02-23,20:30,Vitória Setúbal,1.5,1.6,Vitória,2954,Estádio do Bonfim,Hugo Miguel,/pt/partidas/35f7e19e/Vitoria-Setubal-Vitoria-Guimaraes-2019Fevereiro23-Primeira-Liga,1,1,,,,,,,,,,,,,,,,,,,,,,,,,,,,,,,,,,,,,,,,,,,,,,,,,,,,,,,,,,,,,,
203,23,dom,2019-02-24,14:30,Santa Clara,1.0,1.2,Nacional,1896,Estádio de São Miguel,António Nobre,/pt/partidas/730e9243/Santa-Clara-Nacional-2019Fevereiro24-Primeira-Liga,2,0,,,,,,,,,,,,,,,,,,,,,,,,,,,,,,,,,,,,,,,,,,,,,,,,,,,,,,,,,,,,,,
204,23,dom,2019-02-24,17:30,Boavista,1.7,1.3,Rio Ave,4649,Estádio do Bessa Século XXI,Fábio Costa,/pt/partidas/79c85629/Boavista-Rio-Ave-2019Fevereiro24-Primeira-Liga,1,0,,,,,,,,,,,,,,,,,,,,,,,,,,,,,,,,,,,,,,,,,,,,,,,,,,,,,,,,,,,,,,
205,23,seg,2019-02-25,19:00,Marítimo,0.5,1.7,Sporting CP,9174,Estádio dos Barreiros,Tiago Martins,/pt/partidas/1b2a453e/Maritimo-Sporting-CP-2019Fevereiro25-Primeira-Liga,0,0,,,,,,,,,,,,,,,,,,,,,,,,,,,,,,,,,,,,,,,,,,,,,,,,,,,,,,,,,,,,,,
206,23,seg,2019-02-25,21:15,Benfica,3.7,0.5,Chaves,46897,Estádio do Sport Lisboa e Benfica,Manuel Mota,/pt/partidas/01bb202f/Benfica-Chaves-2019Fevereiro25-Primeira-Liga,4,0,,,,,,,,,,,,,,,,,,,,,,,,,,,,,,,,,,,,,,,,,,,,,,,,,,,,,,,,,,,,,,
207,24,sex,2019-03-01,20:30,Aves,1.7,0.1,Boavista,2710,Estádio Clube Desportivo das Aves,Nuno Almeida,/pt/partidas/3f37b3b4/Aves-Boavista-2019Marco1-Primeira-Liga,2,0,,,,,,,,,,,,,,,,,,,,,,,,,,,,,,,,,,,,,,,,,,,,,,,,,,,,,,,,,,,,,,
208,24,sáb,2019-03-02,15:30,Nacional,2.4,1.7,Tondela,2335,Estádio da Madeira,Hélder Malheiro,/pt/partidas/017f1276/Nacional-Tondela-2019Marco2-Primeira-Liga,3,2,,,,,,,,,,,,,,,,,,,,,,,,,,,,,,,,,,,,,,,,,,,,,,,,,,,,,,,,,,,,,,
209,24,sáb,2019-03-02,18:00,Moreirense,0.6,0.7,Vitória Setúbal,1868,P.D. Comendador Joaquim de Almeida Freit...,João Pinto,/pt/partidas/5015f73c/Moreirense-Vitoria-Setubal-2019Marco2-Primeira-Liga,1,1,,,,,,,,,,,,,,,,,,,,,,,,,,,,,,,,,,,,,,,,,,,,,,,,,,,,,,,,,,,,,,
210,24,sáb,2019-03-02,20:30,Porto,1.5,1.4,Benfica,49220,Estádio Do Dragão,Jorge de Sousa,/pt/partidas/9b65c54c/Porto-Benfica-2019Marco2-Primeira-Liga,1,2,,,,,,,,,,,,,,,,,,,,,,,,,,,,,,,,,,,,,,,,,,,,,,,,,,,,,,,,,,,,,,
211,24,dom,2019-03-03,15:00,B-SAD,2.4,0.4,Feirense,2241,Estádio Nacional,Luís Godinho,/pt/partidas/22b9597a/Belenenses-SAD-Feirense-2019Marco3-Primeira-Liga,4,0,,,,,,,,,,,,,,,,,,,,,,,,,,,,,,,,,,,,,,,,,,,,,,,,,,,,,,,,,,,,,,
212,24,dom,2019-03-03,15:00,Chaves,1.1,0.2,Santa Clara,3570,Estádio Municipal Eng. Manuel Branco Tei...,Cláudio Ruivo Pereira,/pt/partidas/cf9c3212/Chaves-Santa-Clara-2019Marco3-Primeira-Liga,0,0,,,,,,,,,,,,,,,,,,,,,,,,,,,,,,,,,,,,,,,,,,,,,,,,,,,,,,,,,,,,,,
213,24,dom,2019-03-03,17:30,Rio Ave,0.6,1.4,Braga,3306,Estádio do Rio Ave Futebol Clube,Artur Soares Dias,/pt/partidas/c8699e17/Rio-Ave-Braga-2019Marco3-Primeira-Liga,1,2,,,,,,,,,,,,,,,,,,,,,,,,,,,,,,,,,,,,,,,,,,,,,,,,,,,,,,,,,,,,,,
214,24,dom,2019-03-03,20:00,Sporting CP,2.5,0.8,Portimonense,24907,Estádio José Alvalade,João Santos Capela,/pt/partidas/bb9d7490/Sporting-CP-Portimonense-2019Marco3-Primeira-Liga,3,1,,,,,,,,,,,,,,,,,,,,,,,,,,,,,,,,,,,,,,,,,,,,,,,,,,,,,,,,,,,,,,
215,24,seg,2019-03-04,20:15,Vitória,2.3,0.9,Marítimo,15301,Estádio Dom Afonso Henriques,João Pinheiro,/pt/partidas/ba9b4654/Vitoria-Guimaraes-Maritimo-2019Marco4-Primeira-Liga,1,0,,,,,,,,,,,,,,,,,,,,,,,,,,,,,,,,,,,,,,,,,,,,,,,,,,,,,,,,,,,,,,
216,25,sex,2019-03-08,20:30,Chaves,1.7,0.9,Rio Ave,2990,Estádio Municipal Eng. Manuel Branco Tei...,Rui Costa,/pt/partidas/baf1fb5f/Chaves-Rio-Ave-2019Marco8-Primeira-Liga,1,1,,,,,,,,,,,,,,,,,,,,,,,,,,,,,,,,,,,,,,,,,,,,,,,,,,,,,,,,,,,,,,
217,25,sáb,2019-03-09,15:30,Marítimo,1.9,1.4,Moreirense,5700,Estádio dos Barreiros,Hugo Miguel,/pt/partidas/d76324e6/Maritimo-Moreirense-2019Marco9-Primeira-Liga,3,2,,,,,,,,,,,,,,,,,,,,,,,,,,,,,,,,,,,,,,,,,,,,,,,,,,,,,,,,,,,,,,
218,25,sáb,2019-03-09,18:00,Braga,1.5,1.4,Vitória,16778,Estádio Municipal de Braga,Luís Godinho,/pt/partidas/268bffcf/Braga-Vitoria-Guimaraes-2019Marco9-Primeira-Liga,1,0,,,,,,,,,,,,,,,,,,,,,,,,,,,,,,,,,,,,,,,,,,,,,,,,,,,,,,,,,,,,,,
219,25,sáb,2019-03-09,20:30,Boavista,1.4,2.2,Sporting CP,7628,Estádio do Bessa Século XXI,João Pinheiro,/pt/partidas/b05cab13/Boavista-Sporting-CP-2019Marco9-Primeira-Liga,1,2,,,,,,,,,,,,,,,,,,,,,,,,,,,,,,,,,,,,,,,,,,,,,,,,,,,,,,,,,,,,,,
220,25,dom,2019-03-10,14:00,Santa Clara,0.7,0.3,Aves,3015,Estádio de São Miguel,Tiago Martins,/pt/partidas/314e9ce7/Santa-Clara-Aves-2019Marco10-Primeira-Liga,0,0,,,,,,,,,,,,,,,,,,,,,,,,,,,,,,,,,,,,,,,,,,,,,,,,,,,,,,,,,,,,,,
221,25,dom,2019-03-10,15:00,Portimonense,4.2,0.6,Nacional,3066,Estádio do Portimonense SC,Vitor Ferreira Fernandes,/pt/partidas/15ffd97a/Portimonense-Nacional-2019Marco10-Primeira-Liga,5,1,,,,,,,,,,,,,,,,,,,,,,,,,,,,,,,,,,,,,,,,,,,,,,,,,,,,,,,,,,,,,,
222,25,dom,2019-03-10,17:30,Vitória Setúbal,0.7,0.5,Tondela,4094,Estádio do Bonfim,Fábio Costa,/pt/partidas/79830261/Vitoria-Setubal-Tondela-2019Marco10-Primeira-Liga,0,0,,,,,,,,,,,,,,,,,,,,,,,,,,,,,,,,,,,,,,,,,,,,,,,,,,,,,,,,,,,,,,
223,25,dom,2019-03-10,20:00,Feirense,0.6,1.3,Porto,5414,Estádio Marcolino de Castro,Artur Soares Dias,/pt/partidas/b5640daf/Feirense-Porto-2019Marco10-Primeira-Liga,1,2,,,,,,,,,,,,,,,,,,,,,,,,,,,,,,,,,,,,,,,,,,,,,,,,,,,,,,,,,,,,,,
224,25,seg,2019-03-11,20:15,Benfica,1.0,0.9,B-SAD,52158,Estádio do Sport Lisboa e Benfica,João Santos Capela,/pt/partidas/c60361bb/Benfica-Belenenses-SAD-2019Marco11-Primeira-Liga,2,2,,,,,,,,,,,,,,,,,,,,,,,,,,,,,,,,,,,,,,,,,,,,,,,,,,,,,,,,,,,,,,
225,26,sex,2019-03-15,20:30,Sporting CP,1.0,0.6,Santa Clara,28129,Estádio José Alvalade,Manuel Oliveira,/pt/partidas/c1a3ccf4/Sporting-CP-Santa-Clara-2019Marco15-Primeira-Liga,1,0,,,,,,,,,,,,,,,,,,,,,,,,,,,,,,,,,,,,,,,,,,,,,,,,,,,,,,,,,,,,,,
226,26,sáb,2019-03-16,15:30,B-SAD,0.6,1.7,Portimonense,2219,Estádio Nacional,André Narciso,/pt/partidas/3224c146/Belenenses-SAD-Portimonense-2019Marco16-Primeira-Liga,2,2,,,,,,,,,,,,,,,,,,,,,,,,,,,,,,,,,,,,,,,,,,,,,,,,,,,,,,,,,,,,,,
227,26,sáb,2019-03-16,15:30,Vitória Setúbal,0.7,1.4,Braga,5717,Estádio do Bonfim,Manuel Mota,/pt/partidas/8d8dec3e/Vitoria-Setubal-Braga-2019Marco16-Primeira-Liga,0,1,,,,,,,,,,,,,,,,,,,,,,,,,,,,,,,,,,,,,,,,,,,,,,,,,,,,,,,,,,,,,,
228,26,sáb,2019-03-16,18:00,Vitória,2.5,1.1,Boavista,17985,Estádio Dom Afonso Henriques,Tiago Martins,/pt/partidas/01a1c51c/Vitoria-Guimaraes-Boavista-2019Marco16-Primeira-Liga,3,1,,,,,,,,,,,,,,,,,,,,,,,,,,,,,,,,,,,,,,,,,,,,,,,,,,,,,,,,,,,,,,
229,26,sáb,2019-03-16,20:30,Porto,3.7,0.0,Marítimo,46413,Estádio Do Dragão,João Santos Capela,/pt/partidas/28e6c3f6/Porto-Maritimo-2019Marco16-Primeira-Liga,3,0,,,,,,,,,,,,,,,,,,,,,,,,,,,,,,,,,,,,,,,,,,,,,,,,,,,,,,,,,,,,,,
230,26,dom,2019-03-17,15:00,Aves,1.3,1.0,Chaves,3491,Estádio Clube Desportivo das Aves,Artur Soares Dias,/pt/partidas/05610aab/Aves-Chaves-2019Marco17-Primeira-Liga,0,1,,,,,,,,,,,,,,,,,,,,,,,,,,,,,,,,,,,,,,,,,,,,,,,,,,,,,,,,,,,,,,
231,26,dom,2019-03-17,15:00,Nacional,1.1,0.3,Rio Ave,2373,Estádio da Madeira,António Nobre,/pt/partidas/dce72c89/Nacional-Rio-Ave-2019Marco17-Primeira-Liga,0,1,,,,,,,,,,,,,,,,,,,,,,,,,,,,,,,,,,,,,,,,,,,,,,,,,,,,,,,,,,,,,,
232,26,dom,2019-03-17,17:30,Moreirense,0.5,1.6,Benfica,5510,P.D. Comendador Joaquim de Almeida Freit...,Nuno Almeida,/pt/partidas/f890eadb/Moreirense-Benfica-2019Marco17-Primeira-Liga,0,4,,,,,,,,,,,,,,,,,,,,,,,,,,,,,,,,,,,,,,,,,,,,,,,,,,,,,,,,,,,,,,
233,26,dom,2019-03-17,20:00,Tondela,1.4,1.1,Feirense,1871,Estádio João Cardoso,Jorge de Sousa,/pt/partidas/24603eb8/Tondela-Feirense-2019Marco17-Primeira-Liga,1,1,,,,,,,,,,,,,,,,,,,,,,,,,,,,,,,,,,,,,,,,,,,,,,,,,,,,,,,,,,,,,,
234,27,sex,2019-03-29,20:30,Portimonense,2.5,1.0,Moreirense,2462,Estádio do Portimonense SC,João Pinheiro,/pt/partidas/ef64f72c/Portimonense-Moreirense-2019Marco29-Primeira-Liga,0,2,,,,,,,,,,,,,,,,,,,,,,,,,,,,,,,,,,,,,,,,,,,,,,,,,,,,,,,,,,,,,,
235,27,sáb,2019-03-30,15:30,Braga,1.5,2.7,Porto,20106,Estádio Municipal de Braga,Jorge de Sousa,/pt/partidas/c29a5110/Braga-Porto-2019Marco30-Primeira-Liga,2,3,,,,,,,,,,,,,,,,,,,,,,,,,,,,,,,,,,,,,,,,,,,,,,,,,,,,,,,,,,,,,,
236,27,sáb,2019-03-30,18:00,Chaves,1.0,1.9,Sporting CP,6229,Estádio Municipal Eng. Manuel Branco Tei...,Manuel Mota,/pt/partidas/fc4be526/Chaves-Sporting-CP-2019Marco30-Primeira-Liga,1,3,,,,,,,,,,,,,,,,,,,,,,,,,,,,,,,,,,,,,,,,,,,,,,,,,,,,,,,,,,,,,,
237,27,sáb,2019-03-30,19:30,Santa Clara,0.9,0.5,Vitória,2601,Estádio de São Miguel,Hugo Miguel,/pt/partidas/1deb9cef/Santa-Clara-Vitoria-Guimaraes-2019Marco30-Primeira-Liga,1,0,,,,,,,,,,,,,,,,,,,,,,,,,,,,,,,,,,,,,,,,,,,,,,,,,,,,,,,,,,,,,,
238,27,sáb,2019-03-30,20:30,Benfica,1.6,1.0,Tondela,56594,Estádio do Sport Lisboa e Benfica,Carlos Xistra,/pt/partidas/4ee59e55/Benfica-Tondela-2019Marco30-Primeira-Liga,1,0,,,,,,,,,,,,,,,,,,,,,,,,,,,,,,,,,,,,,,,,,,,,,,,,,,,,,,,,,,,,,,
239,27,dom,2019-03-31,15:00,Marítimo,1.8,2.4,Nacional,8972,Estádio dos Barreiros,Luís Godinho,/pt/partidas/0fd3a65c/Maritimo-Nacional-2019Marco31-Primeira-Liga,3,2,,,,,,,,,,,,,,,,,,,,,,,,,,,,,,,,,,,,,,,,,,,,,,,,,,,,,,,,,,,,,,
240,27,dom,2019-03-31,17:30,Rio Ave,0.9,2.8,Aves,4955,Estádio do Rio Ave Futebol Clube,Vitor Ferreira Fernandes,/pt/partidas/79cd92ea/Rio-Ave-Aves-2019Marco31-Primeira-Liga,0,2,,,,,,,,,,,,,,,,,,,,,,,,,,,,,,,,,,,,,,,,,,,,,,,,,,,,,,,,,,,,,,
241,27,dom,2019-03-31,20:00,Boavista,2.3,0.2,B-SAD,10812,Estádio do Bessa Século XXI,Nuno Almeida,/pt/partidas/6ccc9c1b/Boavista-Belenenses-SAD-2019Marco31-Primeira-Liga,2,0,,,,,,,,,,,,,,,,,,,,,,,,,,,,,,,,,,,,,,,,,,,,,,,,,,,,,,,,,,,,,,
242,27,seg,2019-04-01,20:15,Feirense,1.0,0.4,Vitória Setúbal,2632,Estádio Marcolino de Castro,Rui Costa,/pt/partidas/63fa0a02/Feirense-Vitoria-Setubal-2019Abril1-Primeira-Liga,0,1,,,,,,,,,,,,,,,,,,,,,,,,,,,,,,,,,,,,,,,,,,,,,,,,,,,,,,,,,,,,,,
243,28,sex,2019-04-05,20:30,Porto,1.9,0.2,Boavista,39129,Estádio Do Dragão,Rui Costa,/pt/partidas/0418197c/Porto-Boavista-2019Abril5-Primeira-Liga,2,0,,,,,,,,,,,,,,,,,,,,,,,,,,,,,,,,,,,,,,,,,,,,,,,,,,,,,,,,,,,,,,
244,28,sáb,2019-04-06,15:30,Nacional,0.9,0.7,Aves,2367,Estádio da Madeira,Jorge de Sousa,/pt/partidas/4920ab99/Nacional-Aves-2019Abril6-Primeira-Liga,0,0,,,,,,,,,,,,,,,,,,,,,,,,,,,,,,,,,,,,,,,,,,,,,,,,,,,,,,,,,,,,,,
245,28,sáb,2019-04-06,15:30,B-SAD,0.2,1.4,Santa Clara,1509,Estádio Nacional,Carlos Xistra,/pt/partidas/e14c1ea8/Belenenses-SAD-Santa-Clara-2019Abril6-Primeira-Liga,1,1,,,,,,,,,,,,,,,,,,,,,,,,,,,,,,,,,,,,,,,,,,,,,,,,,,,,,,,,,,,,,,
246,28,sáb,2019-04-06,18:00,Vitória,3.1,0.6,Chaves,12606,Estádio Dom Afonso Henriques,João Santos Capela,/pt/partidas/05ccaeb3/Vitoria-Guimaraes-Chaves-2019Abril6-Primeira-Liga,4,0,,,,,,,,,,,,,,,,,,,,,,,,,,,,,,,,,,,,,,,,,,,,,,,,,,,,,,,,,,,,,,
247,28,sáb,2019-04-06,20:30,Moreirense,1.1,0.7,Braga,1502,P.D. Comendador Joaquim de Almeida Freit...,Artur Soares Dias,/pt/partidas/9e454340/Moreirense-Braga-2019Abril6-Primeira-Liga,1,0,,,,,,,,,,,,,,,,,,,,,,,,,,,,,,,,,,,,,,,,,,,,,,,,,,,,,,,,,,,,,,
248,28,dom,2019-04-07,15:00,Vitória Setúbal,1.7,0.5,Marítimo,2702,Estádio do Bonfim,Manuel Oliveira,/pt/partidas/1f7bc799/Vitoria-Setubal-Maritimo-2019Abril7-Primeira-Liga,1,0,,,,,,,,,,,,,,,,,,,,,,,,,,,,,,,,,,,,,,,,,,,,,,,,,,,,,,,,,,,,,,
249,28,dom,2019-04-07,17:30,Feirense,0.8,3.0,Benfica,5449,Estádio Marcolino de Castro,João Pinheiro,/pt/partidas/c30b4ff9/Feirense-Benfica-2019Abril7-Primeira-Liga,1,4,,,,,,,,,,,,,,,,,,,,,,,,,,,,,,,,,,,,,,,,,,,,,,,,,,,,,,,,,,,,,,
250,28,dom,2019-04-07,20:00,Sporting CP,1.7,0.4,Rio Ave,26198,Estádio José Alvalade,Luís Godinho,/pt/partidas/644e7a9d/Sporting-CP-Rio-Ave-2019Abril7-Primeira-Liga,3,0,,,,,,,,,,,,,,,,,,,,,,,,,,,,,,,,,,,,,,,,,,,,,,,,,,,,,,,,,,,,,,
251,28,seg,2019-04-08,20:15,Tondela,1.8,1.6,Portimonense,2066,Estádio João Cardoso,Tiago Martins,/pt/partidas/6b13aafc/Tondela-Portimonense-2019Abril8-Primeira-Liga,3,2,,,,,,,,,,,,,,,,,,,,,,,,,,,,,,,,,,,,,,,,,,,,,,,,,,,,,,,,,,,,,,
252,29,sex,2019-04-12,20:30,Chaves,1.8,3.0,B-SAD,4280,Estádio Municipal Eng. Manuel Branco Tei...,Hélder Malheiro,/pt/partidas/e1c88f05/Chaves-Belenenses-SAD-2019Abril12-Primeira-Liga,2,2,,,,,,,,,,,,,,,,,,,,,,,,,,,,,,,,,,,,,,,,,,,,,,,,,,,,,,,,,,,,,,
253,29,sáb,2019-04-13,14:30,Santa Clara,1.3,1.4,Moreirense,1277,Estádio de São Miguel,António Nobre,/pt/partidas/348ff9ae/Santa-Clara-Moreirense-2019Abril13-Primeira-Liga,1,1,,,,,,,,,,,,,,,,,,,,,,,,,,,,,,,,,,,,,,,,,,,,,,,,,,,,,,,,,,,,,,
254,29,sáb,2019-04-13,18:00,Portimonense,0.4,1.8,Porto,5989,Estádio do Portimonense SC,Fábio Costa,/pt/partidas/fb26c520/Portimonense-Porto-2019Abril13-Primeira-Liga,0,3,,,,,,,,,,,,,,,,,,,,,,,,,,,,,,,,,,,,,,,,,,,,,,,,,,,,,,,,,,,,,,
255,29,sáb,2019-04-13,20:30,Aves,1.8,1.4,Sporting CP,2895,Estádio Clube Desportivo das Aves,Artur Soares Dias,/pt/partidas/0bf13cde/Aves-Sporting-CP-2019Abril13-Primeira-Liga,1,3,,,,,,,,,,,,,,,,,,,,,,,,,,,,,,,,,,,,,,,,,,,,,,,,,,,,,,,,,,,,,,
256,29,dom,2019-04-14,15:00,Marítimo,0.8,1.3,Feirense,7331,Estádio dos Barreiros,Vitor Ferreira Fernandes,/pt/partidas/a4fb5a4f/Maritimo-Feirense-2019Abril14-Primeira-Liga,2,0,,,,,,,,,,,,,,,,,,,,,,,,,,,,,,,,,,,,,,,,,,,,,,,,,,,,,,,,,,,,,,
257,29,dom,2019-04-14,15:00,Rio Ave,1.5,1.3,Vitória,5739,Estádio do Rio Ave Futebol Clube,Manuel Oliveira,/pt/partidas/f72c7a67/Rio-Ave-Vitoria-Guimaraes-2019Abril14-Primeira-Liga,2,1,,,,,,,,,,,,,,,,,,,,,,,,,,,,,,,,,,,,,,,,,,,,,,,,,,,,,,,,,,,,,,
258,29,dom,2019-04-14,17:30,Braga,2.2,0.8,Tondela,10636,Estádio Municipal de Braga,Nuno Almeida,/pt/partidas/574adf6b/Braga-Tondela-2019Abril14-Primeira-Liga,3,0,,,,,,,,,,,,,,,,,,,,,,,,,,,,,,,,,,,,,,,,,,,,,,,,,,,,,,,,,,,,,,
259,29,dom,2019-04-14,17:30,Boavista,1.7,0.6,Nacional,16302,Estádio do Bessa Século XXI,Hugo Miguel,/pt/partidas/95c01d5a/Boavista-Nacional-2019Abril14-Primeira-Liga,1,0,,,,,,,,,,,,,,,,,,,,,,,,,,,,,,,,,,,,,,,,,,,,,,,,,,,,,,,,,,,,,,
260,29,dom,2019-04-14,20:00,Benfica,3.4,1.8,Vitória Setúbal,56463,Estádio do Sport Lisboa e Benfica,Rui Costa,/pt/partidas/d79efe99/Benfica-Vitoria-Setubal-2019Abril14-Primeira-Liga,4,2,,,,,,,,,,,,,,,,,,,,,,,,,,,,,,,,,,,,,,,,,,,,,,,,,,,,,,,,,,,,,,
261,30,sex,2019-04-19,15:30,Tondela,1.0,2.8,Boavista,3398,Estádio João Cardoso,Artur Soares Dias,/pt/partidas/61b95f22/Tondela-Boavista-2019Abril19-Primeira-Liga,1,0,,,,,,,,,,,,,,,,,,,,,,,,,,,,,,,,,,,,,,,,,,,,,,,,,,,,,,,,,,,,,,
262,30,sex,2019-04-19,15:30,Vitória Setúbal,0.6,0.5,Portimonense,4167,Estádio do Bonfim,João Pinheiro,/pt/partidas/80e42d70/Vitoria-Setubal-Portimonense-2019Abril19-Primeira-Liga,1,1,,,,,,,,,,,,,,,,,,,,,,,,,,,,,,,,,,,,,,,,,,,,,,,,,,,,,,,,,,,,,,
263,30,sex,2019-04-19,18:00,Nacional,0.1,2.0,Sporting CP,3804,Estádio da Madeira,Carlos Xistra,/pt/partidas/14b40790/Nacional-Sporting-CP-2019Abril19-Primeira-Liga,0,1,,,,,,,,,,,,,,,,,,,,,,,,,,,,,,,,,,,,,,,,,,,,,,,,,,,,,,,,,,,,,,
264,30,sex,2019-04-19,20:30,Vitória,1.7,2.2,Aves,12024,Estádio Dom Afonso Henriques,Manuel Mota,/pt/partidas/dfd61d05/Vitoria-Guimaraes-Aves-2019Abril19-Primeira-Liga,0,2,,,,,,,,,,,,,,,,,,,,,,,,,,,,,,,,,,,,,,,,,,,,,,,,,,,,,,,,,,,,,,
265,30,sáb,2019-04-20,15:30,Moreirense,1.2,1.1,Chaves,1654,P.D. Comendador Joaquim de Almeida Freit...,Jorge de Sousa,/pt/partidas/57ff56e7/Moreirense-Chaves-2019Abril20-Primeira-Liga,0,1,,,,,,,,,,,,,,,,,,,,,,,,,,,,,,,,,,,,,,,,,,,,,,,,,,,,,,,,,,,,,,
266,30,sáb,2019-04-20,15:30,B-SAD,1.1,3.3,Rio Ave,1523,Estádio Nacional,Nuno Almeida,/pt/partidas/bedffe73/Belenenses-SAD-Rio-Ave-2019Abril20-Primeira-Liga,1,3,,,,,,,,,,,,,,,,,,,,,,,,,,,,,,,,,,,,,,,,,,,,,,,,,,,,,,,,,,,,,,
267,30,sáb,2019-04-20,18:00,Feirense,0.3,2.2,Braga,2157,Estádio Marcolino de Castro,Fábio Costa,/pt/partidas/3bbecb96/Feirense-Braga-2019Abril20-Primeira-Liga,0,2,,,,,,,,,,,,,,,,,,,,,,,,,,,,,,,,,,,,,,,,,,,,,,,,,,,,,,,,,,,,,,
268,30,sáb,2019-04-20,20:30,Porto,1.9,0.4,Santa Clara,43911,Estádio Do Dragão,Manuel Oliveira,/pt/partidas/a372713c/Porto-Santa-Clara-2019Abril20-Primeira-Liga,1,0,,,,,,,,,,,,,,,,,,,,,,,,,,,,,,,,,,,,,,,,,,,,,,,,,,,,,,,,,,,,,,
269,30,seg,2019-04-22,20:15,Benfica,2.5,0.1,Marítimo,52224,Estádio do Sport Lisboa e Benfica,Luís Godinho,/pt/partidas/683f7725/Benfica-Maritimo-2019Abril22-Primeira-Liga,6,0,,,,,,,,,,,,,,,,,,,,,,,,,,,,,,,,,,,,,,,,,,,,,,,,,,,,,,,,,,,,,,
270,31,sex,2019-04-26,20:30,Rio Ave,1.0,1.4,Porto,7532,Estádio do Rio Ave Futebol Clube,Artur Soares Dias,/pt/partidas/c0089771/Rio-Ave-Porto-2019Abril26-Primeira-Liga,2,2,,,,,,,,,,,,,,,,,,,,,,,,,,,,,,,,,,,,,,,,,,,,,,,,,,,,,,,,,,,,,,
271,31,sáb,2019-04-27,14:30,Santa Clara,1.4,1.3,Vitória Setúbal,2417,Estádio de São Miguel,Carlos Xistra,/pt/partidas/b08f303b/Santa-Clara-Vitoria-Setubal-2019Abril27-Primeira-Liga,0,0,,,,,,,,,,,,,,,,,,,,,,,,,,,,,,,,,,,,,,,,,,,,,,,,,,,,,,,,,,,,,,
272,31,sáb,2019-04-27,15:30,Portimonense,1.7,0.4,Feirense,2540,Estádio do Portimonense SC,João Santos Capela,/pt/partidas/49c05aa5/Portimonense-Feirense-2019Abril27-Primeira-Liga,1,0,,,,,,,,,,,,,,,,,,,,,,,,,,,,,,,,,,,,,,,,,,,,,,,,,,,,,,,,,,,,,,
273,31,sáb,2019-04-27,18:00,Sporting CP,2.5,0.7,Vitória,44107,Estádio José Alvalade,Rui Costa,/pt/partidas/fd0971e0/Sporting-CP-Vitoria-Guimaraes-2019Abril27-Primeira-Liga,2,0,,,,,,,,,,,,,,,,,,,,,,,,,,,,,,,,,,,,,,,,,,,,,,,,,,,,,,,,,,,,,,
274,31,sáb,2019-04-27,20:30,Aves,2.7,0.6,B-SAD,2027,Estádio Clube Desportivo das Aves,Fábio Costa,/pt/partidas/41e3e3ca/Aves-Belenenses-SAD-2019Abril27-Primeira-Liga,3,0,,,,,,,,,,,,,,,,,,,,,,,,,,,,,,,,,,,,,,,,,,,,,,,,,,,,,,,,,,,,,,
275,31,dom,2019-04-28,15:00,Marítimo,1.0,0.6,Tondela,5873,Estádio dos Barreiros,Hugo Miguel,/pt/partidas/3e585266/Maritimo-Tondela-2019Abril28-Primeira-Liga,2,0,,,,,,,,,,,,,,,,,,,,,,,,,,,,,,,,,,,,,,,,,,,,,,,,,,,,,,,,,,,,,,
276,31,dom,2019-04-28,15:00,Chaves,2.4,1.6,Nacional,4045,Estádio Municipal Eng. Manuel Branco Tei...,Luís Godinho,/pt/partidas/ecd10943/Chaves-Nacional-2019Abril28-Primeira-Liga,4,1,,,,,,,,,,,,,,,,,,,,,,,,,,,,,,,,,,,,,,,,,,,,,,,,,,,,,,,,,,,,,,
277,31,dom,2019-04-28,17:30,Braga,1.3,4.5,Benfica,24046,Estádio Municipal de Braga,Tiago Martins,/pt/partidas/d0e8d9f6/Braga-Benfica-2019Abril28-Primeira-Liga,1,4,,,,,,,,,,,,,,,,,,,,,,,,,,,,,,,,,,,,,,,,,,,,,,,,,,,,,,,,,,,,,,
278,31,dom,2019-04-28,20:00,Boavista,1.5,0.6,Moreirense,12374,Estádio do Bessa Século XXI,Nuno Almeida,/pt/partidas/f2dd9e68/Boavista-Moreirense-2019Abril28-Primeira-Liga,3,1,,,,,,,,,,,,,,,,,,,,,,,,,,,,,,,,,,,,,,,,,,,,,,,,,,,,,,,,,,,,,,
279,32,sex,2019-05-03,20:30,Moreirense,1.2,1.0,Rio Ave,1193,P.D. Comendador Joaquim de Almeida Freit...,João Pinto,/pt/partidas/c4a40f5d/Moreirense-Rio-Ave-2019Maio3-Primeira-Liga,1,2,,,,,,,,,,,,,,,,,,,,,,,,,,,,,,,,,,,,,,,,,,,,,,,,,,,,,,,,,,,,,,
280,32,sáb,2019-05-04,15:30,Marítimo,0.9,2.0,Braga,5753,Estádio dos Barreiros,Manuel Oliveira,/pt/partidas/65a64da0/Maritimo-Braga-2019Maio4-Primeira-Liga,1,0,,,,,,,,,,,,,,,,,,,,,,,,,,,,,,,,,,,,,,,,,,,,,,,,,,,,,,,,,,,,,,
281,32,sáb,2019-05-04,15:30,Feirense,0.9,1.3,Chaves,2183,Estádio Marcolino de Castro,Manuel Mota,/pt/partidas/8d884a8e/Feirense-Chaves-2019Maio4-Primeira-Liga,4,4,,,,,,,,,,,,,,,,,,,,,,,,,,,,,,,,,,,,,,,,,,,,,,,,,,,,,,,,,,,,,,
282,32,sáb,2019-05-04,18:00,Benfica,3.6,1.9,Portimonense,60677,Estádio do Sport Lisboa e Benfica,Artur Soares Dias,/pt/partidas/3ae8a686/Benfica-Portimonense-2019Maio4-Primeira-Liga,5,1,,,,,,,,,,,,,,,,,,,,,,,,,,,,,,,,,,,,,,,,,,,,,,,,,,,,,,,,,,,,,,
283,32,sáb,2019-05-04,20:30,Porto,2.8,0.2,Aves,40017,Estádio Do Dragão,Hugo Miguel,/pt/partidas/94493f0c/Porto-Aves-2019Maio4-Primeira-Liga,4,0,,,,,,,,,,,,,,,,,,,,,,,,,,,,,,,,,,,,,,,,,,,,,,,,,,,,,,,,,,,,,,
284,32,dom,2019-05-05,15:00,Tondela,2.0,2.5,Santa Clara,3916,Estádio João Cardoso,João Pinheiro,/pt/partidas/4ac6e75d/Tondela-Santa-Clara-2019Maio5-Primeira-Liga,1,3,,,,,,,,,,,,,,,,,,,,,,,,,,,,,,,,,,,,,,,,,,,,,,,,,,,,,,,,,,,,,,
285,32,dom,2019-05-05,17:30,B-SAD,1.0,4.0,Sporting CP,5209,Estádio Nacional,João Santos Capela,/pt/partidas/68fbd01c/Belenenses-SAD-Sporting-CP-2019Maio5-Primeira-Liga,1,8,,,,,,,,,,,,,,,,,,,,,,,,,,,,,,,,,,,,,,,,,,,,,,,,,,,,,,,,,,,,,,
286,32,dom,2019-05-05,20:00,Vitória,1.7,1.0,Nacional,13753,Estádio Dom Afonso Henriques,Jorge de Sousa,/pt/partidas/b89a8038/Vitoria-Guimaraes-Nacional-2019Maio5-Primeira-Liga,2,2,,,,,,,,,,,,,,,,,,,,,,,,,,,,,,,,,,,,,,,,,,,,,,,,,,,,,,,,,,,,,,
287,32,seg,2019-05-06,20:15,Vitória Setúbal,1.0,1.5,Boavista,5830,Estádio do Bonfim,Fábio Costa,/pt/partidas/81248ee6/Vitoria-Setubal-Boavista-2019Maio6-Primeira-Liga,0,3,,,,,,,,,,,,,,,,,,,,,,,,,,,,,,,,,,,,,,,,,,,,,,,,,,,,,,,,,,,,,,
288,33,sex,2019-05-10,20:30,Aves,1.3,0.3,Moreirense,2468,Estádio Clube Desportivo das Aves,João Santos Capela,/pt/partidas/8922f310/Aves-Moreirense-2019Maio10-Primeira-Liga,0,1,,,,,,,,,,,,,,,,,,,,,,,,,,,,,,,,,,,,,,,,,,,,,,,,,,,,,,,,,,,,,,
289,33,sáb,2019-05-11,14:30,Santa Clara,2.4,2.2,Feirense,3746,Estádio de São Miguel,João Pinto,/pt/partidas/b2607350/Santa-Clara-Feirense-2019Maio11-Primeira-Liga,4,4,,,,,,,,,,,,,,,,,,,,,,,,,,,,,,,,,,,,,,,,,,,,,,,,,,,,,,,,,,,,,,
290,33,sáb,2019-05-11,15:30,Portimonense,3.4,1.3,Marítimo,2921,Estádio do Portimonense SC,Cláudio Ruivo Pereira,/pt/partidas/58bc7593/Portimonense-Maritimo-2019Maio11-Primeira-Liga,3,2,,,,,,,,,,,,,,,,,,,,,,,,,,,,,,,,,,,,,,,,,,,,,,,,,,,,,,,,,,,,,,
291,33,sáb,2019-05-11,18:00,Boavista,2.6,3.5,Braga,19592,Estádio do Bessa Século XXI,André Narciso,/pt/partidas/f0def1f2/Boavista-Braga-2019Maio11-Primeira-Liga,4,2,,,,,,,,,,,,,,,,,,,,,,,,,,,,,,,,,,,,,,,,,,,,,,,,,,,,,,,,,,,,,,
292,33,sáb,2019-05-11,20:30,Sporting CP,2.7,2.0,Tondela,41665,Estádio José Alvalade,Tiago Martins,/pt/partidas/10a01360/Sporting-CP-Tondela-2019Maio11-Primeira-Liga,1,1,,,,,,,,,,,,,,,,,,,,,,,,,,,,,,,,,,,,,,,,,,,,,,,,,,,,,,,,,,,,,,
293,33,dom,2019-05-12,15:00,Chaves,1.1,1.3,Vitória Setúbal,7650,Estádio Municipal Eng. Manuel Branco Tei...,Artur Soares Dias,/pt/partidas/0543ace1/Chaves-Vitoria-Setubal-2019Maio12-Primeira-Liga,1,2,,,,,,,,,,,,,,,,,,,,,,,,,,,,,,,,,,,,,,,,,,,,,,,,,,,,,,,,,,,,,,
294,33,dom,2019-05-12,15:00,Vitória,3.0,0.9,B-SAD,14417,Estádio Dom Afonso Henriques,Hélder Malheiro,/pt/partidas/8215e38e/Vitoria-Guimaraes-Belenenses-SAD-2019Maio12-Primeira-Liga,5,1,,,,,,,,,,,,,,,,,,,,,,,,,,,,,,,,,,,,,,,,,,,,,,,,,,,,,,,,,,,,,,
295,33,dom,2019-05-12,17:30,Nacional,0.8,2.9,Porto,4098,Estádio da Madeira,Carlos Xistra,/pt/partidas/82aa5470/Nacional-Porto-2019Maio12-Primeira-Liga,0,4,,,,,,,,,,,,,,,,,,,,,,,,,,,,,,,,,,,,,,,,,,,,,,,,,,,,,,,,,,,,,,
296,33,dom,2019-05-12,20:00,Rio Ave,1.3,2.3,Benfica,8836,Estádio do Rio Ave Futebol Clube,Hugo Miguel,/pt/partidas/e2aa4ea4/Rio-Ave-Benfica-2019Maio12-Primeira-Liga,2,3,,,,,,,,,,,,,,,,,,,,,,,,,,,,,,,,,,,,,,,,,,,,,,,,,,,,,,,,,,,,,,
297,34,qui,2019-05-16,18:30,B-SAD,1.4,0.8,Nacional,942,Estádio Nacional,Vitor Ferreira Fernandes,/pt/partidas/ea50dea9/Belenenses-SAD-Nacional-2019Maio16-Primeira-Liga,3,0,,,,,,,,,,,,,,,,,,,,,,,,,,,,,,,,,,,,,,,,,,,,,,,,,,,,,,,,,,,,,,
298,34,sex,2019-05-17,20:30,Braga,1.7,1.1,Portimonense,6541,Estádio Municipal de Braga,João Santos Capela,/pt/partidas/37be80b0/Braga-Portimonense-2019Maio17-Primeira-Liga,2,0,,,,,,,,,,,,,,,,,,,,,,,,,,,,,,,,,,,,,,,,,,,,,,,,,,,,,,,,,,,,,,
299,34,sáb,2019-05-18,15:30,Marítimo,1.1,0.4,Boavista,4795,Estádio dos Barreiros,João Pinto,/pt/partidas/26afa14e/Maritimo-Boavista-2019Maio18-Primeira-Liga,0,1,,,,,,,,,,,,,,,,,,,,,,,,,,,,,,,,,,,,,,,,,,,,,,,,,,,,,,,,,,,,,,
300,34,sáb,2019-05-18,15:30,Feirense,0.8,1.7,Aves,1772,Estádio Marcolino de Castro,André Narciso,/pt/partidas/95a58ae8/Feirense-Aves-2019Maio18-Primeira-Liga,2,1,,,,,,,,,,,,,,,,,,,,,,,,,,,,,,,,,,,,,,,,,,,,,,,,,,,,,,,,,,,,,,
301,34,sáb,2019-05-18,15:30,Vitória Setúbal,2.0,2.2,Rio Ave,6109,Estádio do Bonfim,Cláudio Ruivo Pereira,/pt/partidas/b8e75066/Vitoria-Setubal-Rio-Ave-2019Maio18-Primeira-Liga,1,3,,,,,,,,,,,,,,,,,,,,,,,,,,,,,,,,,,,,,,,,,,,,,,,,,,,,,,,,,,,,,,
302,34,sáb,2019-05-18,18:30,Porto,2.6,0.6,Sporting CP,39808,Estádio Do Dragão,Fábio Costa,/pt/partidas/4da455e9/Porto-Sporting-CP-2019Maio18-Primeira-Liga,2,1,,,,,,,,,,,,,,,,,,,,,,,,,,,,,,,,,,,,,,,,,,,,,,,,,,,,,,,,,,,,,,
303,34,sáb,2019-05-18,18:30,Benfica,2.5,2.4,Santa Clara,64064,Estádio do Sport Lisboa e Benfica,Jorge de Sousa,/pt/partidas/b0be94ec/Benfica-Santa-Clara-2019Maio18-Primeira-Liga,4,1,,,,,,,,,,,,,,,,,,,,,,,,,,,,,,,,,,,,,,,,,,,,,,,,,,,,,,,,,,,,,,
304,34,dom,2019-05-19,17:30,Tondela,1.9,2.4,Chaves,4985,Estádio João Cardoso,João Pinheiro,/pt/partidas/01c82422/Tondela-Chaves-2019Maio19-Primeira-Liga,5,2,,,,,,,,,,,,,,,,,,,,,,,,,,,,,,,,,,,,,,,,,,,,,,,,,,,,,,,,,,,,,,
305,34,dom,2019-05-19,20:00,Moreirense,1.3,2.4,Vitória,4185,P.D. Comendador Joaquim de Almeida Freit...,Carlos Xistra,/pt/partidas/01405edf/Moreirense-Vitoria-Guimaraes-2019Maio19-Primeira-Liga,1,3,,,,,,,,,,,,,,,,,,,,,,,,,,,,,,,,,,,,,,,,,,,,,,,,,,,,,,,,,,,,,,
